"pid","location","treatment","operation","anatomy"
"1"," 在胸外上方，前正中线旁开6寸，平第一肋间隙处。"," ①咳嗽，气喘，胸满痛；②肩背痛。"," 向外斜刺或平刺0．5～0．8寸，不可向内深刺，以免伤及肺脏、引起气胸。"," 当胸大肌、胸小肌处，内侧深层为第1肋间内、外肌；上外侧有腋动、静脉， 胸肩峰动、静脉；布有锁骨上神经中间支，胸前神经分支及第1肋间神经外侧皮支。"
"2"," 在胸外侧部，肩胛骨喙突上方，前正中线旁开６寸，锁骨下窝凹陷处。","①咳嗽，气喘，胸痛；②肩背痛。"," 向外斜刺０.５～０.８寸，不可向内深刺，以免伤及肺脏、引起气胸。"," 有胸大肌，皮下有头静脉通过，深部有胸肩峰动脉分支；布有胸前神经的分支臂丛外侧束、锁骨上神经中后支。"
"3","  肱二头肌桡侧缘，腋前纹头下３寸处。"," ①咳嗽，气喘，鼻衄；②瘿气；③上臂痛。"," 直刺0．5～l寸。","  肱二头肌外侧沟中；有头静脉及肱动、静脉分支；分布着臂外侧皮神经及肌皮神经。"
"4"," 肱二头肌桡侧缘，腋前纹头下４寸，或肘横纹上5寸处。"," ①咳嗽，气喘；②干呕；③上臂痛。"," 直刺0．5～l寸。"," 肱二头肌外侧沟中；当头静脉及桡动、静脉分支；分布有臂外侧皮神经，当肌皮神经经过处。"
"5"," 在肘横纹中，肱二头肌腱桡侧凹陷处。","①咳嗽，气喘，咳血，咽喉肿痛等肺疾；②肘臂挛痛；③急性吐泻，中暑，小儿惊风。"," 直刺0．8～1．2寸，或点刺出血，尤其用于治疗急性咽喉肿痛及急性吐泻、中暑、小儿惊风等。"," 在肘关节，当肘二头肌腱之外方，肱桡肌起始部；有桡侧返动、静脉分支及头静脉；布有前臂外侧皮神经，直下为桡神经。"
"6","  尺泽穴与太渊穴连线上，腕横纹上7寸处（。"," ①咳血，咳嗽，气喘，咽喉肿痛；②肘臂挛痛。"," 直刺0．5～l寸。","  有肱桡肌，在旋前圆肌上端之外缘，桡侧腕长、短伸肌的内缘；有头静脉、桡动、静脉；布有前臂外侧皮神经，桡神经浅支。"
"7"," 桡骨茎突上方，腕横纹上1．5寸，当肱桡肌与拇长展肌腱之间。 ","①咳嗽，气喘，咽喉肿痛；②头痛，齿痛，项强，口眼歪斜等头项疾患。"," 向上斜刺0.5～0.8寸。"," 在肱桡肌腱与拇长展肌腱之间，桡侧腕长伸肌腱内侧；有头静脉，桡动、静脉分支；布有前臂外侧皮神经和桡神经浅支的混合支。"
"8","  桡骨茎突与桡动脉之间凹陷处，腕横纹上 l寸。","①咳嗽，气喘，胸痛，咽喉肿痛；②手腕痛。"," 避开桡动脉，直刺0．3～0．5寸。","  桡侧腕屈肌腱的外侧，有旋前方肌当桡动、静脉外侧处；布有前臂外侧皮神经和桡神经浅支混合支。"
"9"," 在掌后腕横纹桡侧，桡动脉的桡侧凹陷中。"," ①咳嗽，气喘；②无脉症；③腕臂痛。"," 避开桡动脉，直刺0．3～0．5寸。"," 桡侧腕屈肌腱的外侧，拇展长肌腱内测；有桡动、静脉；布有前臂外侧皮神经和桡神经浅支混合支。"
"10","  第１掌骨中点，赤白肉际处。"," ①咳嗽，咳血；②咽干，咽喉肿痛，失音；③小儿疳积。"," 直刺0．5～0．8寸。治小儿疳积可用割治法。"," 有拇短展肌和拇指对掌肌；血管当拇指静脉回流支；布有前臂外侧皮神经和桡神经浅支混合支。"
"11"," 拇指桡侧指甲角旁0．1寸。","①咽喉肿痛，鼻衄；②高热，昏迷，癫狂。"," 浅刺0．1寸，或点刺出血。"," 有指掌固有动、静脉所形成的动、静脉网；布有前臂外侧皮神经和桡神经浅支混合支，正中神经的掌侧固有神经的末梢神经网。"
"12"," 食指桡侧指甲角旁0．1寸。","①齿痛，咽喉肿痛等五官疾患；②热病，昏迷。"," 浅刺0．1寸，或点刺出血。"," 有指及掌背动、静脉网；布有来自正中神经的指掌侧固有神经，桡神经的指背侧神经。"
"13"," 微握拳，当食指桡侧第2掌指关节前凹陷中。","①鼻衄，齿痛等五官疾患；②热病。"," 直刺0．2～0．3寸。"," 有指屈浅、深肌腱；有来自桡动脉的指背及掌侧动、静脉，布有桡神经的指背侧固有神经，正中神经的指掌侧固有神经。"
"14"," 微握拳，在食指桡侧第2掌指关节后凹陷处。","①齿痛，咽喉肿痛；②腹胀，肠鸣；③嗜睡。"," 直刺0.3～0.5寸。"," 有第一骨间背侧肌，深层为拇内收肌横头；有手背静脉网（头静脉其示部），指掌侧有固有动脉；布有桡神经浅支。"
"15"," 在手背，第１、２掌骨间，当第２掌骨桡侧的中点处。","①头痛，目赤肿痛，鼻衄，齿痛，口眼歪斜，耳聋等头面五官诸疾；②诸痛症；③热病，无汗，多汗；④经闭，滞产。"," 直刺0．5～l寸，针刺时手呈半握拳状。孕妇不宜针。"," 在第一、二掌骨之间，第一骨间背侧肌中，深层有拇收肌横头；有手背静脉网，为头静脉的起部，腧穴近侧正当桡动脉从手背穿向手掌之处；布有桡神经浅支的掌背侧神经，深部有正中神经的指掌侧固有神经。"
"16"," 腕背横纹桡侧，当拇短伸肌腱与拇长伸肌腱之间的凹陷中。"," ①手腕痛；②头痛，目赤肿痛，耳聋等头面五官疾患。"," 直刺0．5～0．8寸。"," 当拇短、长伸肌腱之间；有头静脉、桡动脉的腕背支；布有桡神经浅支。"
"17","  屈肘，在阳溪穴与曲池穴连线上，腕横纹上3寸处。","①耳鸣，鼻衄等五官疾患；②手臂酸痛；③腹部胀满，水肿。","  直刺或斜刺0．5～0．8寸。","  在桡骨远端，桡侧腕伸肌腱与拇长展肌腱之间；有头静脉；掌侧为前臂外侧皮神经和桡神经浅支，背侧为前臂背侧皮神经和前臂骨间背侧神经。"
"18","  屈肘，在阳溪穴与曲池穴连线上，腕横纹上5寸处。"," ①急性肠鸣腹痛；②疔疮；③头痛，面肿，咽喉肿痛；④肩背酸痛。"," 直刺0．5～l寸。","  在桡侧腕伸肌肌腹与拇长展肌之间；有桡动脉分支及头静脉；布有前臂背侧皮神经与桡神经深支。"
"19","  在阳溪穴与曲池穴连线上，肘横纹下4寸处。"," ①肘臂痛；②头痛，眩晕，目痛；③腹胀，腹痛。"," 直刺0．5～l寸。","  在桡骨的桡侧，桡侧有腕伸短肌及腕伸长肌，深层有旋后肌；有桡动脉分支；布有前臂背侧皮神经及桡神经深支。"
"20","  在阳溪穴与曲池穴连线上，肘横纹下３寸处。"," ①肘臂痛，半身不遂，手臂麻木；②头痛；③肠鸣腹痛。","  直刺0．5～l寸。","  在桡侧腕伸肌肌腹与拇长展肌之间；有桡动脉分支及头静脉；布有前臂背侧皮神经与桡神经深支。"
"21","  在阳溪穴与曲池穴连线上，肘横纹下２寸处。"," ①手臂无力，上肢不遂；②腹痛，腹泻；③齿痛，颊肿。","  直刺0．8～1．2寸。","  肌肉、神经同下廉穴，血管为桡返动脉的分支。"
"22"," 屈肘成直角，在肘横纹外侧端与肱骨外上髁连线中点。"," ①手臂痹痛，上肢不遂；②热病，高血压，癫狂；③腹痛，吐泻；④五官疼痛；⑤瘾疹，湿疹，瘰疬。"," 直刺0．5～l寸。"," 桡侧腕长伸肌起始部，肱桡肌的挠侧；有桡返动脉的分支；布有前臂背侧皮神经，内侧深层为桡神经本干。"
"23"," 屈肘，曲池穴外上方 l寸，当肱骨边缘处。"," 肘臂部疼痛、麻木、挛急。"," 直刺0．5～l寸。"," 在桡骨外上髁上缘肱肌起始部，肱三头肌外缘；有桡侧副动脉；布有前臂背侧皮神经及桡神经。"
"24","  在曲池穴与肩髃穴连线上，曲池穴上3寸处。","①肘臂挛痛；②瘰疬。"," 避开动脉，直刺0．5～l寸。"," 在肱骨桡侧，为肱桡肌起点，外侧为肱三头肌前缘；稍深为桡侧副动脉；布有前臂背侧皮神经，深层内侧为桡神经。"
"25"," 在曲池穴与肩髃穴连线上，曲池穴上7寸，三角肌止点处。"," ①肩臂疼痛不遂，颈项拘挛；②瘰疬；③目疾。"," 直刺或向上斜刺0．8～1．5寸。"," 在肱骨桡侧，三角肌下端，肱三头肌外侧头的前缘；有旋肱后动脉的分支及肱深动脉；布有前臂背侧皮神经，深层有桡神经本干。"
"26"," 肩峰端下缘，当肩峰与肱骨大结节之间，三角肌上部中央。臂外展或平举时，肩部出现两个凹陷，当肩峰前下方凹陷处。"," ①肩臂挛痛，上肢不遂；②瘾疹。","  直刺或向下斜刺0．8～1．5寸。肩周炎宜向肩关节直刺，上肢不遂宜向三角肌方向斜刺。"," 有旋肱后动、静脉；布有锁骨上神经，腋神经。"
"27","  在锁骨肩峰端与肩胛冈之间凹陷处。"," ①肩臂挛痛，臂不举；②瘰疬，瘿气。","  直刺，微斜向外下方，进针 0．5～l寸。 直刺不可过深，以免刺入胸腔造成气胸。","  在斜方肌与冈上肌中;深层有肩胛上动、静脉；布有锁骨上神经分支，副神经分支，深层有肩胛上神经。"
"28","  在胸锁乳突肌后缘，扶突穴直下1寸。"," ①暴喑气梗，咽喉肿痛；②瘰疬，瘿气。","  直刺0．5～0．8寸。","  在胸锁乳突肌下部后缘，浅层为颈阔肌，深层为中斜角肌起点；有颈外浅静脉;为副神经、颈皮神经在胸锁乳突肌后缘穿出处，深层为膈神经的起点。"
"29","  在结喉旁约3寸，当胸锁乳突肌的胸骨头与锁骨头之间。"," ①咽喉肿痛，暴喑；②瘿气，瘰疬；③咳嗽，气喘；④颈部手术针麻用穴。"," 直刺0．5～0．8寸。注意避开颈动脉，不可过深。一般不使用电针，以免引起迷走神经反应。","  在胸锁乳突肌胸骨头间颈阔肌中，深层为肩胛提肌起始点；深层内侧有颈升动脉；布有耳大神经，颈皮神经，枕小神经及副神经。"
"30","  在上唇部，水沟穴旁0.5寸，当鼻孔外缘直下。"," ①鼻塞，鼽衄；②口歪，口噤。","  直刺或斜刺0．3～0．5寸。","  在上颌骨犬齿窝部，上唇方肌止端；有面动、静脉的上唇支；布有面神经、三叉神经第二支下支与眶下神经的吻合丛。"
"31","  在鼻翼外缘中点旁开约0.5寸，当鼻唇沟中。"," ①鼻塞，鼽衄；②口歪；③胆道蛔虫症。","  略向内上方斜刺或平刺0．3～0．5寸。","  在上唇方肌中，深部为梨状孔的边缘; 有面动、静脉及眶下动、静脉分支；布有面神经与眶下神经的吻合丛。"
"32"," 目正视，瞳孔直下，当眼球与眶下缘之间。"," ①目疾；②口眼歪斜，面肌痉挛。"," 以左手拇指向上轻推眼球，紧靠眶缘缓慢直刺0．5～1．5寸，不宜提插，以防刺破血管引起血肿。出针时稍加按压，以防出血。"," 在眶下缘上方，眼轮匝肌中，深层眶内有眼球下直肌，下斜肌；有眶下动、静脉分支，眼动、静脉的分支；布有眶下神经分支及动眼神经下支的肌支，面神经分支。"
"33","  目正视，瞳孔直下，当眶下孔凹陷处。"," ①目疾；②口眼歪斜，三叉神经痛，面肌痉挛；③头痛，眩晕。","  直刺或微向上斜刺0．3～0．5寸，不可深刺，以免伤及眼球，不可过度提插捻转。","  在眶下孔处，当眼轮匝肌和上唇方肌之间； 有面动、静脉分支，眶下动、静脉；布有面神经分支，当眶下神经处。"
"34","  目正视，瞳孔直下，平鼻翼下缘处，当鼻唇沟外侧。"," ①口角歪斜；②鼻衄，齿痛，唇颊肿。","  斜刺或平刺0．3～0．5寸。","  浅层为上唇方肌，深层为犬齿肌；有面动、静脉及眶下动、静脉；布有面神经及眶下神经的分支。"
"35","  口角旁约0.4寸，上直对瞳孔。"," ①口角歪斜，流涎。②三叉神经痛。","  斜刺或平刺0．5～0．8寸。可向颊车穴透刺。","  在口轮匝肌中，深层为颊肌;有面动、静脉；布有面神经和眶下神经分支，深层为颊肌神经的末支。"
"36","  在下颌角前下方约1.3寸，咬肌附着部前缘。当闭口鼓气时，下颌角前下方出现一沟形的凹陷中取穴。","  口角歪斜，颊肿，齿痛。","  避开动脉，斜刺或平刺0．3～0．5寸。","  在咬肌附着部前缘;前方有面动、静脉；布有面神经及颊神经。"
"37","  在下颌角前上方约１横指，按之凹陷处，当咀嚼时咬肌隆起最高点处。"," ①齿痛，牙关不利，颊肿；②口角歪斜。","   直刺0．3～0．5寸，或平刺0．5～l寸。 可向地仓穴透刺。","  在下颌角前方，有咬肌；有咬肌动、静脉;布有耳大神经，面神经及咬肌神经。"
"38","  在耳屏前，下颌骨髁状突前方，当颧弓与下颌切迹所形成的凹陷中。合口有孔，张口即闭，宜闭口取穴。","  ①牙关不利，三叉神经痛，齿痛；②口眼歪斜；③耳聋，耳鸣，聤耳。","  直刺0．5～l寸。留针时不可作张口动作，以免折针。","  当颧弓下缘，皮下有腮腺，为咬肌起始部；有面横动、静脉，最深层为上颌动、静脉；正当面神经颧眶支及耳颞神经分支，最深层为下颌神经。"
"39","  当额角发际上0．5寸，头正中线旁4.5寸。","  ①头痛；②目眩，目痛。","  平刺0．5～l寸。","  在颞肌上缘帽状腱膜中；有颞浅动、静脉的额支；布有耳额神经的分支及面神经额颞支。"
"41","  在颈部，当人迎穴与气舍穴连线的中点，胸锁乳突肌的前缘。"," ①咽喉肿痛；②咳嗽，气喘。"," 直刺0．3～0．8寸。","  有颈阔肌，在甲状软骨外侧，胸锁乳突肌与肩胛舌骨肌上腹的交叉点；外侧为颈总动脉；布有颈皮神经，深层为交感神经发出的心上神经及交感干。"
"42","  人迎穴直下，在锁骨内侧端的上缘，胸锁乳突肌的胸骨头与锁骨头之间。"," ①咽喉肿痛，瘿瘤，瘰疬；②气喘，呃逆；③颈项强（见图3-17）。","  直刺0．3～0．5寸。本经气舍至乳根诸穴，深部有大动脉及肺、肝等重要脏器，不可深刺。","  有颈阔肌，胸锁乳突肌起始部；有颈前浅静脉，深部为颈总动脉；布有锁骨上神经前支，舌下神经的分支。"
"43","  在锁骨上窝中央，前正中线旁开4寸。"," ①咳嗽，气喘；②咽喉肿痛，缺盆中痛，瘰疬。","  直刺或斜刺0．3～0．5寸。《图翼》：孕妇禁针。","  在锁骨上窝之中点，有颈阔肌，肩胛舌骨肌；上方有颈横动脉；布有锁骨上神经中支，深层正当肩丛的锁骨上部。"
"44","  在锁骨下缘，前正中线旁开4寸。","  ①咳嗽，气喘，呃逆；②胸胁满痛。","  斜刺或平刺0．5～0．8寸。","  在锁骨下方，胸大肌起始部，深层上方的锁骨下肌；有胸肩峰动、静脉分支，外上方为锁骨下静脉；为锁骨上神经，胸前神经分支分布处。"
"45","  在第1肋间隙，前正中线旁开4寸。"," ①咳嗽，气喘，咳唾脓血；②胸肋胀痛。","  斜刺或平刺0．5～0．8寸。","  在第1肋间隙有胸大肌、胸小肌，深层为肋间内、外肌，有胸肩峰动、静减及胸外侧动、静脉分支；布有胸前神经分支。"
"46","  在第2肋间隙，前正中线旁开4寸。","  ①咳嗽，气喘，咳唾脓血；②胸肋胀痛；③乳痈。","  斜刺或平刺0．5～0．8寸。","  在第2肋间隙，有胸大肌，胸小肌，深层为肋间内外肌；有胸肩峰动、静脉分支；布有胸前神经分支。"
"47","  在第3肋间隙，前正中线旁开4寸。"," ①咳嗽，气喘；②胸肋胀痛；③乳痈。","  斜刺或平刺0．5～0．8寸。","  第3肋间隙，有胸大肌，深层为肋间内、外肌；有胸外侧动、静脉；布有胸前神经分支。"
"48","  在第4肋间隙，乳头中央。","null","null","null"
"49","  在第5肋间隙，当乳头直下，前正中线旁开４寸。"," ①乳痈，乳汁少；②咳嗽，气喘，呃逆；③胸痛。","  斜刺或平刺0．5～0．8寸。","  在第5肋间隙，胸大肌下部，深层有肋间内、外肌；有肋间动脉，胸壁浅静脉；有第五5肋间神经外侧皮支，深层为肋间神经干。"
"50","  脐中上6寸，前正中线旁开2寸。","  呕吐，胃痛，纳少，腹胀等胃疾。","  直刺0．5～0．8寸。过饱者禁针，肝肿大者慎针或禁针，不宜作大幅度提插。","  当腹直肌及其鞘处，深层为腹横肌；有第7肋间动、静脉分支及腹壁上动、静脉；当第7肋间神经分支处。"
"51","  脐中上5寸，前正中线旁开2寸。","  胃痛，吐血，纳少等胃疾。","  直刺0．8～l寸。过饱者禁针，肝肿大者慎针或禁针，不宜作大幅度提插。","  当腹直肌及其鞘处，深层为腹横肌；有第7肋间动、静脉分支及腹壁上动、静脉分布；当第7肋间神经分支处。"
"52","  脐中上4寸，前正中线旁开2寸。"," 纳少，胃痛，呕吐等胃疾。","  直刺0．8～1．2寸。过饱者禁针，肝肿大者慎针或禁针，不宜作大幅度提插。","  当腹直肌及其鞘处，深层为腹横肌；有第7肋间动、静脉分支及腹壁上动、静脉；当第8肋间神经分支处（右侧深部当肝下缘，胃幽门部）。"
"53","  脐中上3寸，前正中线旁开2寸。","  腹胀，腹痛，肠鸣腹泻等胃肠疾。","  直刺0．8～1．2寸。","  当腹直肌及其鞘处；有第8肋间动、静脉分支及腹壁上动、静脉分支；布有第8肋间神经分支（内部为横结肠）。"
"54","  脐中上2寸，前正中线旁开2寸。"," ①胃病；②心烦，癫狂。","  直刺0．8～1．2寸。","  当腹直肌及其鞘处；有第8肋间动、静脉分支及其腹壁下动、静脉分支；布有第8肋间神经分支（内部为横结肠）。"
"55","  脐中上1寸，前正中线旁开2寸。","  ①胃痛，呕吐；②癫狂。","  直刺0．8～1．2寸。","  当腹直肌及其鞘处；有第9肋间动、静脉分支及腹壁下动、静分支；布有第9肋间神经分支（内部为小肠）。"
"56","  脐中旁开2寸。"," ①腹痛，腹胀，便秘，腹泻，痢疾等胃肠病；②月经不调，痛经。","  直刺 l～1．5寸。《千金》：孕妇不可灸。","  当腹直肌及其鞘处；有第9肋间动、静脉分支及腹壁下动、静脉分支；布有第9肋间神经分支（内部为小肠）。"
"57","  脐中下1寸，前正中线旁开2寸。"," ①腹痛，疝气；②痛经。","  直刺 l～l．5寸。","  当腹直肌及其鞘处；布有第10肋间动、静脉分支及腹壁下动、静脉分支；布有第10肋间神经分支（内部为小肠）。"
"58","  脐中下2寸，前正中线旁开2寸。","  ①小腹胀满，小便不利，疝气；②遗精，早泄。","  直刺 l～1．5寸。","  当腹直肌及其鞘处；有第11肋间动、静脉分支，外侧为腹壁下动、静脉；布有第11肋间神经（内部为小肠）。"
"59","  脐中下3寸，前正中线旁开2寸。"," ①小腹胀满，小便不利，疝气；②痛经，不孕。","  直刺 l～1．5寸。","  当腹直肌及其鞘处；有第12肋间动、静脉分支，外侧为腹壁下动、静脉；布有第12肋间神经（内部为小肠）。"
"60","  脐中下4寸，前正中线旁开2寸。","  ①小腹痛，疝气；②月经不调，带下，阴挺。","   直刺 l～l．5寸。","  在腹直肌外缘，有腹内斜肌，腹横肌腱膜；外侧有腹壁下动、静脉；布有髂腹下神经。"
"61","  在腹股沟稍上方，脐中下5寸，前正中线旁开2寸。","  ①肠鸣腹痛，疝气；②月经不调，不孕，阳萎，阴肿。","  直刺0．5～l寸。","  在耻骨结节外上方，有腹外斜肌腱膜，在腹内斜肌、腹膜肌下部；有腹壁浅动、静脉分支，外壁为腹壁下动、静脉；布有髂腹股沟神经。"
"62","  在髂前上棘与髌骨外上缘连线上，屈髋时平会阴，居缝匠肌外侧凹陷处。","  下肢痿痹，腰痛膝冷。","  直刺 l～2寸。","  在缝匠肌和阔筋膜张肌之间；深层有旋股外侧动、静脉分支；布有股外侧皮神经。"
"63","  在髂前上棘与髌骨外上缘连线上，髌骨外上缘上6寸。"," ①下肢痿痹，腰痛膝冷；②疝气，脚气。","  直刺 l～2寸。","  在股直肌的肌腹中有旋股外侧动、静脉分支；布有股前皮神经，股外侧皮神经."
"64","  在髂前上棘与髌骨外上缘连线上，髌骨外上缘上3寸。"," ①下肢痿痹，膝关节屈伸不利；②疝气。","  直刺 l～l．5寸。","  在股直肌和股外侧肌之间；有旋股外侧动脉降支；布有股前皮神经，股外侧皮神经。"
"65","  屈膝，在髂前上棘与髌骨外上缘连线上，髌骨外上缘上3寸。"," ①膝肿痛，下肢不遂；②急性胃痛，乳痈，乳痛。","   直刺 l～1．2寸。","  在股直肌和股外侧肌之间；有旋股外侧动脉降支；布有股前皮神经，股外侧皮神经。"
"66","  屈膝，在髌韧带外侧凹陷中。 又名外膝眼。","  膝痛，屈伸不利，下肢麻痹。","   向后内斜刺0．5～l寸。","  在髌韧带外缘；有膝关节动、静脉网；布有腓肠外侧皮神经及腓总神经关节支。"
"67","  犊鼻穴下3寸，胫骨前嵴外一横指处。","  ①胃痛，呕吐，噎膈，腹胀，腹泻，痢疾，便秘等胃肠诸疾；②下肢痿痹；③心悸，高血压，癫狂；④乳痈；⑤虚劳诸症，为强壮保健要穴。","   直刺1～2寸。强壮保健用，常用温灸法。","  在胫骨前肌，趾长伸肌之间；有胫前动、静脉；为腓肠外侧皮神经及隐神经的 皮支分布处，深层当腓深神经。"
"68","  在犊鼻穴下6寸，足三里穴下3寸。"," ①肠鸣，腹痛，腹泻，便秘，肠痈等肠胃疾患；②下肢痿痹。","  直刺 l～2寸。","  在胫骨前肌中；有胫前动、静脉；布有腓肠外侧皮神经及隐神经的皮支，深层当腓深神经。"
"69","  上巨虚穴下2寸。"," ①下肢痿痹，转筋；②肩臂痛；③脘腹疼痛。","   直刺 l～1．5寸。","  在胫骨前肌中；有胫前动、静脉；布有腓肠外侧皮神经及隐神经的皮支，深层当腓深神经。"
"70","  上巨虚穴下3寸。"," ①腹泻，痢疾，小腹痛；②下肢痿痹；③乳痈。","  直刺l～1．5寸。","  在胫骨前肌与趾长伸肌之间，深层为胫长伸肌；有胫前动、静脉；布有腓浅神经分支，深层为腓深神经。"
"71","  外踝尖上８寸，条口穴外1寸，胫骨前嵴外二横指处。"," ①头痛，眩晕，癫狂；②咳嗽痰多；③下肢痿痹。","  直刺l～1．5寸。","  在趾长伸肌外侧和腓骨短肌之间；有胫前动脉分支；当腓浅神经处。"
"72","  足背踝关节横纹中央凹陷处，当拇长伸肌踺与趾长伸肌腱之间。"," ①下肢痿痹，踝关节病，垂足；②头痛，眩晕，癫狂；③腹胀，便秘。","  直刺0．5～l寸。"," 在拇长伸肌膜与趾长伸肌胫之间；有胫前动、静脉；浅部当腓浅神经，深层当腓深神经。"
"73","  在足背最高处，当拇长伸肌腱和趾长伸肌腱之间，足背动脉搏动处。","  ①胃痛；②口眼歪斜；③癫狂痫；④足痿无力。","  避开动脉，直刺0．3～0．5寸。","  在趾长伸肌腱外侧；有足背动、静脉及足背静脉网；当腓浅神经的足背内侧皮神经第2支本干处，深层为腓深神经。"
"74","  足背第2、3跖骨结合部前，第2、3跖趾关节后凹陷处。"," ①面肿，水肿；②足背肿痛；③肠鸣腹痛。","  直刺或斜刺0．3～0．5寸。","  有第2跖骨间肌；有足背静脉网；布有足背内侧皮神经。"
"75","  足背第２、３趾间缝纹端。"," ①齿痛，咽喉肿痛，鼻衄；②热病；③胃病吐酸，腹泻，痢疾，便秘；④足背肿痛，跖趾关节痛。","   直刺或斜刺0．5～0．8寸。","  有足背静脉网；布有腓浅神经足背支。"
"76","  第２趾外侧趾甲角旁约0.1寸。","  ①鼻衄，齿痛，咽喉肿痛；②热病，多梦，癫狂。","   浅刺0．1寸。","  有趾背动脉形成的动脉网；布有腓浅神经的足背支。"
"77"," 足大趾内侧趾甲角旁0．1寸。"," ①月经过多，崩漏；②便血，尿血等慢性出血；③癫狂，多梦，惊风。④腹满，暴泄。","  浅刺0．1寸。"," 有趾背动脉；为腓浅神经的足背支及足底内侧神经。"
"78","  足大趾内侧，第１跖趾关节前下方，赤白肉际处。"," ①腹胀，胃痛，呕吐，腹泻，便秘；②热病，无汗。","  直刺0．3～0．5寸。","  在拇展肌止点；有足底内侧动、静脉的分支；布有足底内侧神经的趾底固有神经。"
"79","  第１跖骨小头后缘，赤白肉际凹陷处。","  ①肠鸣，腹胀，腹泻，胃痛，便秘；②体重节痛。","  直刺0．5～0．8寸。","  在拇展肌中；有足背静脉网，足底内侧动脉及足跗内侧动脉分支；布有隐神经及腓浅神经分支。"
"80","  第一跖骨基底部的前下方，赤白肉际处。"," 胃痛，呕吐，腹痛，腹泻，痢疾。","  直刺0．6～1．2寸。","  在拇展肌中；有跗内侧动脉分支及足背静脉网；布有隐神经及腓浅神经分支。"
"81","  内踝前下方凹陷中，当舟骨结节与内踝尖连线的中点处。"," ①腹胀，腹泻，便秘，黄疸；②足踝痛。","  直刺0．5～0．8寸。","  有跗内侧动脉，大隐静脉；布有隐神经及腓浅神经分支丛。"
"82","  内踝尖上3寸，胫骨内侧面后缘。","  ①肠鸣腹胀，腹泻等脾胃虚弱诸症；②月经不调，带下，阴挺，不孕，滞产，遗精，阳萎，遗尿等生殖泌尿系统疾患；③心悸，失眠，高血压；④下肢痿痹；⑤阴虚诸症。"," 直刺 l～1．5寸。孕妇禁针。","  在胫骨后缘和比目鱼肌之间，深层有屈趾长肌；有大隐静脉，胫后动、静脉；有小腿内侧皮神经，深层后方有胫神经。"
"83","  在内踝尖与阴陵泉的连线上，内踝尖上6寸。","  ①腹胀，肠鸣；②小便不利，遗精；③下肢痿痹。","  直刺 l～1．5寸。","  在胫骨后缘与比目鱼肌之间，深层有屈趾长肌；有大隐静脉，肢后动、静脉；有小腿内侧皮神经，深层内侧后方有胫神经。"
"84","  在内踝尖与阴陵泉穴的连线上，阴陵泉穴下3寸。","  ①痛经，崩漏，月经不调；②腹痛，腹泻，小便不利，水肿。","  直刺 l～1．5寸。","  在胫骨后缘与比目鱼肌之间；前方有大隐静脉及膝最上动脉的末支，深层有胫后动、静脉；布有小腿内侧皮神经，深层后方有胫神经。"
"85","  胫骨内侧髁下方凹陷处。"," ①腹胀，腹泻，水肿，黄疸，小便不利；②膝痛。","  直刺1～2寸。","  在胫骨后缘和腓肠肌之间，比目鱼肌起点上；前方有大隐静脉，膝最上动脉，最深层有胫后动、静脉；布有小腿内侧皮神经本干，最深层有胫神经。"
"86","  屈膝，在髌骨内上缘上2寸，当股四头肌内侧头的隆起处。"," ①月经不调，痛经，经闭；②瘾疹，湿疹，丹毒。"," 直刺 l～1．5寸。","  在股骨内上髁上缘，股内侧肌中间；有股动、静脉肌支；布有股前皮神经及股神经肌支。"
"87","  在血海穴与冲门穴的连线上，血海穴直上6寸。","  ①小便不利，遗尿；②腹股沟肿痛。","  避开动脉，直刺0．5～l寸。","  在缝匠肌内侧缘 ，深层有大收肌；有大隐静脉，深层之外方有股动、静脉；布有股前皮神经，深部有隐神经。"
"88","  在腹股沟外侧，距耻骨联合上缘中点3．5寸，当髂外动脉搏动处的外侧。","  腹痛，疝气，崩漏，带下。","  避开动脉，直刺0．5～l寸。","  在腹股沟韧带中点外侧的上方，在腹外斜肌腱膜及内斜肌下部；内侧为股动、静脉；布有股神经。"
"89","  冲门穴上方0．7寸，前正中线旁开4寸。","  腹痛，积聚，疝气。","  直刺 l～1．5寸。","  在腹股沟韧带上方外侧，腹外斜肌腱膜及腹内斜肌下部，深层为腹横肌下部；布有腹壁浅动脉，肋间动、静脉；布有髂腹股沟神经（右当盲肠下部，左当乙状结肠下部）。"
"90","  府舍穴上3寸，大横穴下1寸。","  腹痛，腹泻，疝气。"," 直刺 l～2寸。","  在腹内、外斜肌及腹横肌肌部；有第11肋间动、静脉；布有第11肋间神经。"
"91","  脐中旁开4寸。","  腹痛，腹泻，便秘。","  直刺 l～2寸。","  在腹外斜肌肌部及腹横肌肌部；布有第11肋间动、静脉；布有第12肋间神经。"
"92","  脐中上3寸，前正中线旁开4寸。","  消化不良，腹痛，便秘，痢疾。","  直刺 l～1．5寸。","  在腹内外斜肌及腹横肌肌部；布有第8肋间动、静脉；布有第8肋间神经。"
"93","  在第5肋间隙，前正中线旁开6寸。","  ①胸胁胀痛；②噫气，翻胃，腹胀，水肿。","  斜刺或向外平刺0.5～0.8寸。本经食窦至大包诸穴，深部为肺脏，不可深刺。","  在第5肋间隙，前锯肌中，深层有肋间内、外肌；布有胸外侧动、静脉，胸腹壁动、静脉；布有第5肋间神经外侧皮支。"
"94","  在第4肋间隙，前正中线旁开6寸。","  ①胸胁疼痛，咳嗽；②乳痈，乳汁少。","   斜刺或向外平刺0．5～0．8寸。","  在第4肋间隙，胸大肌外下缘，下层为前锯肌，再深层为肋间内、外肌；有胸外侧动、静脉分支，胸腹壁动、静脉；第4肋间动、静脉；布有第四肋间神经。"
"95","  在第3肋间隙，前正中线旁开6寸。","  胸胁胀痛。","  斜刺或向外平刺0．5～0．8寸。","  在第3肋间隙，胸大肌、胸小肌外缘，前锯肌中，下层为肋间内、外肌；有胸外侧动、静脉，第3肋间动、静脉；布有第3肋间神经。"
"96","  在第2肋间隙，前正中线旁开6寸。","  ①咳嗽，气逆；②胸胁胀满。","  斜刺或向外平刺0．5～0．8寸。","  在第2肋间隙，胸大肌中，下层为胸小肌，肋间内、外肌；有胸外侧动、静脉，第2肋间动、静脉；布有胸前神经分支，正当第1肋间神经。"
"97","  在侧胸部腋中线上，当第6肋间隙处。","  ①气喘；②胸胁痛；③全身疼痛，急性扭伤，四肢无力。","   斜刺或向后平刺0．5～0．8寸。","  在第6肋间隙，前锯肌中；有胸背动、静脉及第6肋间动、静脉；布有第6肋间神经，当胸长神经直系的末端。"
"98","  腋窝正中，腋动脉搏动处。"," ①心痛，心悸；②肩臂疼痛，胁肋疼痛，臂丛神经损伤。③瘰疬，腋臭；④上肢针麻用穴。","  避开腋动脉，直刺或斜刺0．3～0．5寸。","  在胸大肌的外下缘，深层为喙肱肌；外侧为腋动脉；布有尺神经，正中神经，前臂内侧皮神经及臂内侧皮神经。"
"99","  臂内侧，在极泉穴与少海穴的连线上，肘横纹上3寸，肱二头肌的尺侧缘。"," ①头痛，振寒，目黄；②胁痛，肩臂疼痛。","   直刺0．5～l寸。","  当肱二头肌内侧沟处，有肱三头肌；有贵要静脉，尺侧上副动脉；布有前臂内侧皮神经，尺神经。"
"100","  屈肘，当肘横纹内侧端与肱骨内上髁连线的中点处。"," ①心痛，癔病；②肘臂挛痛，臂麻手颤，头项痛，腋胁痛；③瘰疬。","  直刺0．5～l寸。","  有旋前圆肌，肱肌；有贵要静脉，尺侧上下副动脉，尺返动脉；布有前臂内侧皮神经，外前方有正中神经。"
"101","  腕横纹上1．5寸，尺侧腕屈肌腱的桡侧缘。"," ①心痛，悲恐善笑；②暴喑；③肘臂挛痛。","  直刺0．3～0．5寸。不宜深刺，以免伤及血管和神经。留针时，不可作屈腕动作。","  在尺侧腕屈肌与指浅屈肌之间，深层为指深屈肌；有尺动脉通过；布有前臂内侧皮神经，尺侧为尺神经。"
"102","  腕横纹上 1寸，尺侧腕屈肌腱的桡侧缘。"," ① 心悸，怔仲；②舌强不语，暴喑；③腕臂痛。","  直刺0．3～0．5寸。不宜深刺，以免伤及血管和神经。留针时，不可作屈腕动作。","  在尺侧腕屈肌与指浅屈肌之间，深层为指深屈肌；有尺动脉通过；布有前臂内侧皮神经，尺侧为尺神经。"
"103","  腕横纹上0.5寸，尺侧腕屈肌腱的桡侧缘。"," ① 心痛，惊悸；②骨蒸盗汗；③吐血，衄血。","   直刺0．3～0．5寸。不宜深刺，以免伤及血管和神经。留针时，不可作屈腕动作。","  在尺侧腕屈肌与指浅屈肌之间，深层为指深屈肌；有尺动脉通过；布有前臂内侧皮神经，尺侧为尺神经。"
"104","  腕横纹尺侧端，尺侧腕屈肌腱的桡侧凹陷处。","  ①心痛，心烦，惊悸，怔仲，健忘，失眠，痴呆，癫狂痫等心与神志病变；②高血压；③胸胁痛。","  直刺0．3～0.5寸。","  在尺侧腕屈肌与指浅屈肌之间，深层为指深屈肌；有尺动脉通过；布有前臂内侧皮神经，尺侧为尺神经。"
"105","  在手掌面，第4、5掌骨之间，握拳时当小指与无名指指端之间。","  ①心悸，胸痛；②阴痒，阴痛；③痈疡；④小指挛痛。","  直刺0．3～0．5寸。","  在第4、5掌骨间，有第4蚓状肌，指浅、深屈肌腱，深部为骨间肌；有指掌侧总动、静脉；布有第4指掌侧固有神经。"
"106","  小指桡侧指甲角旁0．1寸。"," ① 心悸，心痛，癫狂；②热病，昏迷。③胸胁痛。","  浅刺0．1寸，或点刺出血。","  有指掌侧固有动、静脉所形成的动、静脉网；布有指掌侧固有神经。"
"107","  小指尺侧指甲角旁0．l寸。"," ①乳痈，乳汁少；②昏迷，热病；③ 头痛，目翳，咽喉肿痛。","   浅刺0．1寸或点刺出血。 孕妇慎用。","  有指掌侧固有动、静脉，指背动脉形成的动、静脉网；布有尺神经手背支。"
"108","  微握拳，第5指掌关节前尺侧，掌指横纹头赤白肉际。"," ①热病；②乳痈，乳汁少；③头痛，目痛，耳鸣，咽喉肿痛。","  直刺0．3～0．5寸。","  有指背动、静脉；布有尺神经手背支。"
"109","  微握拳，第5指掌关节后尺侧的远侧掌横纹头赤白肉际。","  ①头项强痛，腰背痛，手指及肘臂挛痛；②耳聋，目赤；③癫狂痫；④疟疾。","  直刺0．5～l寸。治手指挛痛可透刺合谷穴。","  在小指尺侧，第5掌骨小头后方，当小指展肌起点外缘；有指背动、静脉，手背静脉网；布有尺神经手背支。"
"110","  第5掌骨基底与三角骨之间的凹陷处，赤白肉际。"," ①指挛腕痛，头项强痛；②目翳，黄疸；③热病，疟疾。","  直刺0．3～0．5寸。","  在手背尺侧，小指展肌起点外缘；有腕背侧动脉（尺动脉分支），手背静脉网；布有尺神经手背支。"
"111","  腕背横纹尺侧端，当尺骨茎突与三角骨之间的凹陷处。"," ①颈颔肿，臂外侧痛，腕痛；②头痛，目眩，耳鸣，耳聋；③热病，癫狂痫。","  直刺0．3～0．5寸。","  当尺侧腕伸肌腱的尺侧缘；有腕背侧动脉；布有尺神经手背支。"
"112","  以手掌面向胸，当尺骨茎突桡侧骨缝凹缘中。"," ①目视不明；②肩、背、肘、臂酸痛。","   直刺或斜刺0．5～0．8寸。强身保健可用温和灸。","  左尺骨背面，尺骨茎突上方，尺侧腕伸肌腱和小指固有伸肌腱之间；布有前臂骨间背侧动、静脉的末支，腕静脉网；有前臂背侧皮神经和尺神经。"
"113","  阳谷穴与小海穴的连线上，腕背横纹上5寸。","  ①头痛，项强，肘臂酸痛；②热病，癫狂；③疣症。","  直刺或斜刺0．５～0．8寸。","  在尺骨背面，尺侧腕伸肌的尺侧缘；布有骨间背侧动、静脉；布有前臂内侧皮神经分支。"
"114","  屈肘，当尺骨鹰嘴与肱骨内上髁之间凹陷处。"," ①肘臂疼痛，麻木；②癫痫。","  直刺0．3～0．5寸。","  尺神经沟中，为尺侧腕屈肌的起始部；有尺侧上、下副动脉和副静脉以及尺返动、静脉；布有前臂内侧皮神经，尺神经本干。"
"115","  臂内收，腋后纹头上l寸。"," ①肩臂疼痛，上肢不遂；②瘰疬。","  直刺 l～1．5寸。不宜向胸侧深刺。","  在肩关节后下方，肩胛骨外侧缘，三角肌后缘，下层是大圆肌；有旋肩胛动、静脉；布有腋神经分支，最深部上方为桡神经。"
"116","  臂内收，腋后纹头直上，肩胛冈下缘凹陷中。"," ①肩臂疼痛，肩不举；②瘰疬。","  直刺或斜刺0．5～1．5寸。不宜向胸侧深刺。","  在肩胛骨关节窝后方三角肌中，深层为岗下肌；有旋肱后动、静脉；布有腋神经，深层为肩胛上神经。"
"117","  肩胛骨冈下窝中央凹陷处，约肩胛冈下缘与肩胛下角之间的上1/3折点处取穴。","  ①肩胛疼痛，肩背部损伤；②气喘。","  直刺或斜刺0．5～l寸。遇到阻力不可强行进针。","  在冈下窝中央冈下肌中；有旋肩胛动、静脉肌支；布有肩胛神经。"
"118","  肩胛骨冈上窝中央，天宗穴直上，举臂有凹陷处。","  肩胛疼痛，上肢酸麻。","  直刺或斜刺0．5～l寸。 宜向锁骨上窝上方刺，不宜向胸部深刺。","  在肩胛冈上缘中央，表层为斜方肌，再下为冈上肌；有肩胛动、静脉；布有锁骨上神经和副神经，深层为肩胛上神经。"
"119","  肩胛骨冈上窝内侧端，在臑俞穴与第2胸椎棘突连线的中点处。","  肩胛疼痛。","  直刺或斜刺0．5～l寸。宜向锁骨上窝上方刺，不宜向胸部深刺。","  在肩胛冈上缘，斜方肌和冈上肌中；有颈横动、静脉降支，深层为肩胛上动、静脉肌支；布有第2胸神经后支外侧皮支、副神经，深层为肩胛上神经肌支。"
"120","  第1胸椎棘突下旁开3寸。","  肩背疼痛，颈项强急。","  斜刺0．5～0．8寸。 不宜深刺。","  在肩胛骨内侧角边缘，表层为斜方肌，深层为肩胛提肌和菱形肌；有颈横动、静脉，布有第1神经后支内侧皮支，肩胛背神经和副神经。"
"121","  第7颈椎棘突下旁开2寸。"," ①咳嗽，气喘；②肩背疼痛。","  斜刺0．5～0．8寸。 不宜深刺。","  在第1胸椎横突端，在肩胛骨内侧角边缘， 表层为斜方肌，深层为肩胛提肌和菱形肌；有颈横动、静脉；布有第1胸神经后支内侧皮支，肩胛神经和副神经。"
"122","  扶突穴后，在胸锁乳突肌的后缘，约喉结旁开3.5寸。"," ①耳鸣，耳聋，咽喉肿痛，暴喑；②颈项强痛。","  直刺0．5～l寸。","  在斜方肌前缘，肩胛提肌后缘，深层为头夹肌；有耳后动、静脉及枕动、静脉分支；布有颈皮神经，正当耳大神经丛的发出部及枕小神经。"
"123","  在下颌角的后方，胸锁乳突肌的前缘凹陷中。"," ①耳鸣，耳聋，咽喉肿痛；②头痛，颈项强痛。","  直刺0．5～l寸。注意避开血管。","  在下颌角后方，胸锁乳突肌停止部前缘，二腹肌后腹的下缘；前方有颈外浅静脉、颈内动、静脉；布有耳大神经的前支，面神经的颈支、副神经，其深层为交感神经于的颈上神经节。"
"124","  目外眦直下，颧骨下缘凹陷处。","  口眼歪斜，眼睑目闰 动，齿痛，三叉神经痛。","  直刺0．3～0．5寸，斜刺或平刺0．5～l寸。","  在颧骨下颌突的后下缘稍后，咬肌的起始部，颧肌中；有面横动、静分支；布有面神经及眶下神经。"
"125"," 耳屏前，下颌骨髁状突的后方，张口时呈凹陷处。"," ①耳鸣，耳聋，聤耳等诸耳疾；②齿痛。","  张口，直刺 l～1．5寸。 留针时应保持一定的张口姿势。","  有颞浅动、静脉的耳前支；布有面神经及三叉神经的第3支的耳颞神经。"
"127","  眉头凹陷中，约在目内眦直上。"," ①头痛，眉棱骨痛；②眼睑目闰 动，眼睑下垂，口眼歪斜，目视不明，流泪，目赤肿痛；③呃逆。","  可向眉中或向眼眶内缘平刺或斜刺0．5～0．8寸。禁灸。","  有额肌及皱眉肌；当额动、静脉处；布有额神经内侧支。"
"128","  攒竹穴直上，入发际0.5寸。","  ①头痛，目眩；②鼻塞，鼻衄。","  平刺0．3～0．5寸。","  有额肌；当额动、静脉处；布有额神经内侧支。"
"129","  前发际正中直上0.5寸（神庭穴），旁开1.5寸，即神庭与头维连线的内1/3与中1/3交点。","  ①头痛，目眩；②鼻塞，鼻衄。","  平刺0．5～0．8寸。","  有额肌；当额动、静脉处；布有额神经内侧支。"
"130"," 发际正中直上1寸，旁开1.5寸，即曲差穴上0.5寸。"," ①头痛，目眩；②癫痫。"," 平刺0．5～0．8寸。"," 有额肌；当额动、静脉处；布有额神经内侧支。"
"131","  前发际正中直上2.5寸，旁开1.5寸，即五处穴后1.5寸。"," ①头痛，目眩；②鼻塞；③热病。","  平刺0．3～0．5寸。","  有帽状腱膜；有额动、静脉，颞浅动、静脉及枕动、静脉的吻合网；当额神经外侧支和枕大神经会合支处。"
"132","  前发际正中直上4寸，旁开1.5寸，即承光穴后1.5寸。","  ①头痛，眩晕；②鼻塞，鼻衄，鼻渊。","  平刺0．3～0．5寸。","  有帽状腱膜；有颞浅动、静脉和枕动、 静脉的吻合网；布有枕大神经分支。"
"133","  前发际正中直上5.5寸，旁开1.5寸，即通天穴后1.5寸。","  头晕，目视不明，耳鸣。","  平刺0．3～0．5寸。","  在枕肌停止处；有枕动、静脉分支；布有枕大 神经分支。"
"134","  后发际正中直上2.5寸，旁开1.3寸，约平枕外粗隆上缘的凹陷处。","  ①头项痛，目痛；②鼻塞。","  平刺0．3～0．5寸。","  有枕肌；有枕动、静脉；布有枕大神经分支。"
"135","  后发际正中直上0.5寸（哑门穴），旁开1.3寸，当斜方肌外缘凹陷中。","  ①后头痛，项强，肩背腰痛；②鼻塞；③癫狂痫，热病。"," 直刺或斜刺0．5～0．8寸，不可向内上方深刺，以免伤及延髓。","  在斜方肌起部，深层为头半棘肌：有枕动、静脉干；布有枕大神经干。"
"136","  第１胸椎棘突下，旁开1.5寸。","  ①咳嗽；②项强，肩背痛。","  斜刺0．5～0．8寸。本经背部诸穴，不宜深刺， 以免伤及内部重要脏器。","  有斜方肌，菱形肌，上后锯肌，最深层为最长肌；有第1肋间动、静脉后支布有第1胸神经后支的皮支，深层为第1胸神经后支外侧支。"
"137","  第2胸椎棘突下，旁开1.5寸。","  ①感冒，咳嗽，发热，头痛；②项强，胸背痛。","   斜刺0．5～0．8寸。","  有斜方肌，菱形肌，上后锯肌，深层为最肌；有第2肋间动、静脉后支；布有2、3胸神经后支的皮支，深层为第3胸神经后支外侧支。"
"138","  第3胸椎棘突下，旁开1.5寸。","  ①咳嗽，气喘，咯血等肺疾；②骨蒸潮热，盗汗。","  斜刺0．5～0．8寸","  有斜方肌、菱形肌，深层为最长肌；有第3肋间动、静脉后支；布有第3或第4胸神经后支的皮支，深层为第3胸神经后支外侧支。"
"139","  第4胸椎棘突下，旁开1.5寸。","  ①心痛，心悸；②咳嗽，胸闷；③呕吐。","  斜刺0．5～0．8寸。","  有斜方肌、菱形肌，深层为最长肌；布有第4肋间动、静脉后支；正当第4或第5胸神经后支的皮支，深层为第4胸神经后支外侧支。"
"140","  第5胸椎棘突下，旁开1.5寸。"," ①心痛，惊悸，失眠，健忘，癫痫，盗汗等心与神志病变；②咳嗽，吐血。","  斜刺0．5～0．8寸。","  有斜方肌，菱形肌，深层为最长肌；有第5肋间动、静脉后支；布有第5或第6胸神经后支的皮支，深层为第5胸神经后支外侧支。"
"141","  第6胸椎棘突下，旁开1.5寸。","  ①心痛，胸闷；②寒热、气喘。","  斜刺0．5～0．8寸。","  有斜方肌，背阔肌肌腱，最长肌；有第6肋间动、静脉后支，颈横动脉降支；布有肩胛背神经，第6或第7胸神经后支的皮支，深层为第6胸神经后支外侧支。"
"142","  第7胸椎棘突下，旁开1.5寸。"," ①呕吐，呃逆，气喘，吐血等上逆之症；②贫血；③瘾疹，皮肤瘙痒；④潮热，盗汗。","  斜刺0．5～0．8寸。","  在斜方肌下缘，有背阔肌，最长肌；布有第7肋间动、静脉后支；布有第7或第8胸神经后支的皮支，深层为第7胸神经后支外侧支。"
"143","  第9胸椎棘突下，旁开1.5寸。"," ①肝疾，胁痛，目疾；②癫狂痫；③脊背痛。"," 斜刺0．5～0．8寸。","  在背阔肌，最长肌和髂肋肌之间；有第9肋间动、静脉后支；布有第9或第10胸神经后支的皮支，深层为第9胸神经后支外侧支。"
"144","  第10胸椎棘突下，旁开1.5寸。","  ①黄疸，口苦，胁痛等肝胆疾患；②肺痨，潮热。","  斜刺0．5～0．8寸。","  在背阔肌，最长肌和腱肋肌之间；有第10肋间动、静脉后支；布有第10胸神经后支的皮支，深层为第10胸神经后支的外侧支。"
"145","  第11胸椎棘突下，旁开1.5寸。","  ①腹胀，纳呆，呕吐，腹泻，痢疾，便血，水肿等脾胃疾患；②背痛。","  斜刺0．5～0．8寸。","  在背阔肌，最长肌和髂肋肌之间；有第11肋间动、静脉后支；布有第11胸神经后支的皮支，深层为第11胸神经后支肌支。"
"146","  第12胸椎棘突下，旁开1.5寸。","  胃脘痛，呕吐，腹胀，肠鸣等胃疾。","  斜刺0．5～0．8寸。","  在腰背筋膜，最长肌和髂肋肌之间；有肋下动、静脉后支；布有第12胸神经后支的皮支，深层为第12胸神经后支外侧支。"
"147","  第1腰椎棘突下，旁开1.5寸。","  ①肠鸣，腹胀，呕吐，腹泻，痢疾，水肿等脾胃疾患；②腰背强痛。"," 直刺0．5～l寸。","  在腰背筋膜，最长肌和髂肋肌之间；有第1腰动、静脉后支；布有第12神经后支的皮支，深层为第1腰神经后支外侧支。"
"148","  第2腰椎棘突下，旁开1.5寸。","  ①腰痛；②遗尿，遗精，阳萎，月经不调，带下等生殖泌尿系疾患。③耳鸣，耳聋。","  直刺0．5～l寸。","  在腰背筋膜，最长肌和髂肋肌之间：有第2腰动、静脉后支；布有第1腰神经后支的外侧支，深层为第1腰丛。"
"149","  第3腰椎棘突下，旁开1.5寸。"," ①肠鸣腹胀；②痛经，腰痛。","  直刺0．5～1寸。","  在腰背筋膜，最长肌和髂肋肌之间；有第2腰动、静脉后支；布有第2腰神经后支的外侧支，深层为第1腰丛。"
"150","  第4腰椎棘突下，旁开1.5寸。","  ①腰腿痛；②腹胀，腹泻，便秘。","   直刺0.8～1.2寸。","  在腰背筋膜，最长肌和髂肋肌之间；有第4腰动、静脉后支；布有第3腰神经皮支，深层为腰丛。"
"151","  第5腰椎棘突下，旁开1.5寸。","  ①腹胀、腹泻；②腰骶痛；③小便频数或不利，遗尿。","  直刺0.8～l.2寸。","  有骶棘肌，有腰最下动、静脉后支的内侧支；布有第5腰神经后支。"
"152"," 第1骶椎棘突下，旁开1.5寸，约平第１骶后孔。"," ①遗精，遗尿，尿血，尿痛，带下；②腹泻，痢疾，疝气；③腰骶痛。"," 直刺或斜刺0.8～1寸。"," 在骶髂肌起始部和臀大肌起始部之间；有骶外侧动、静脉后支的外侧支；布有第1骶神经后支外侧支，第5腰神经后支。"
"153","   第2骶椎棘突下，旁开1.5寸，约平第２骶后孔。","  ①小便不利，遗尿；②腰骶痛；③腹泻，便秘。","  直刺或斜刺0.8～l.2寸。","  在骶棘肌起部和臀大肌起部之间；有骶外侧动、静脉后支；布有臀中皮神经分支。"
"154","  第3骶椎棘突下，旁开1.5寸，约平第3骶后孔。"," ①腹泻，疝气；②腰骶痛。"," 直刺 l～1．5寸。","  有臀大肌，深层为骶结节韧带起始部；当臀下动、静脉的分支处，布有臀下皮神经。"
"155","  第4骶椎棘突下，旁开1.5寸，约平第4骶后孔。"," ①遗尿，遗精，月经不调，带下，疝气；②腰骶痛。","   直刺 1～1．5寸。","  在臀大肌，骶结节韧带下内缘；有臀下动、静脉，深层为阴部内动、静脉；布有皮神经，深层为阴部神经。"
"156","  第１骶后孔中，约当髂后上棘与后正中线之间。","  ①大小便不利，月经不调，带下，阴挺，遗精，阳萎；②腰骶痛。","   直刺 l～1．5寸。","  在骶棘肌起始部及臀大肌起始部；当额外侧动、静脉后支处；布有第1髂神经后支。"
"157","  第2骶后孔中，约当髂后上棘下与后正中线之间。","  ①月经不调，痛经，带下等妇科疾患；②小便不利，遗精，疝气；③腰骶痛，下肢痿痹。","  直刺 l～1．5寸。","  在臀大肌起始部；当骶外侧动、静脉后支处；为第2骶神经后支通过处。"
"158","  第3骶后孔中，次髎穴下内方，约当中膂俞与后正中线之间。","  ①便秘，腹泻；②小便不利，月经不调，带下；③腰骶痛。","  直刺 l～1．5寸。","  在臀大肌起始部；当骶外侧动、静脉后支处；为第3骶神经后支通过处。"
"159","  第４骶后孔中，中髎穴下内方，约当白环俞与后正中线之间。","  ①腹痛，便秘；②小便不利，带下；③腰骶痛。","  直刺 l～1．5寸。","  在臀大肌起始部；有臀下动、静脉分支；当第4骶神经后支通过处。"
"160","  尾骨端旁开0.5寸。","  ①痔疾，腹泻；②阳萎，带下。","   直刺 l～1．5寸。","  有臀大肌；有臀下动、静脉分支；布有尾骨神经；深部有阴部神经干。"
"161","  臀横纹的中点。"," ①腰骶臀股部疼痛；②痔疾。","  直刺 l～2寸。","  在臀大肌下缘；有坐骨神经伴行的动、静脉；布有股后皮神经，深层为坐骨神经。"
"162","  承扶穴与委中穴的连线上，承扶穴下6寸。","  腰痛，下肢痿痹。","  直刺 l～2寸。","  在半腱肌与股二头肌之间，深层为大收肌；外侧为股深动、静脉第3穿支；布有股后皮神经，深层正当坐骨神经。"
"163","  在腘横纹外侧端，委阳穴上１寸，股二头肌腱的内侧。","  ①股腘部疼痛、麻木；②便秘。","  直刺 l～2寸","  在股二头肌键内侧；有膝上外侧动、静脉； 布有股后皮神经，正当腓总神经处。"
"164","  腘横纹外侧端，当股二头肌腱的内侧。","  ①腹满，小便不利；②腰脊强痛，腿足挛痛。","   直刺 l～1．5寸。","  在股二头肌键内侧；有膝上外侧动、静脉； 布有股后皮神经，正当腓总神经处。"
"165","  腘横纹中点，当股二头肌腱与半腱肌肌腱的中间。","  ①腰背痛，下肢痿痹；②腹痛，急性吐泻；③小便不利，遗尿；④丹毒。","  直刺 l～1．5寸，或用三棱针点刺腘静脉出血。针刺不宜过快、过强、过深，以免损伤血管和神经。","  在腘窝正中，有腘筋膜；皮下有股腘静脉，深层内侧为腘静脉，最深层为腘动有股后皮神经，正当胫神经处。"
"166","  第2胸椎棘突下，旁开3寸。","  颈项强痛，肩背拘急，肘臂麻木。","   斜刺0．5～0．8寸。","  在肩胛冈内端边缘，有斜方肌，菱形肌，深层为髂肋肌；有颈横动脉降支，当第2肋间动、静脉后支；布有第2胸神经后支。"
"167","  第3胸椎棘突下，旁开3寸。","  ①咳嗽，气喘，肺痨；②项强，肩背痛。","   斜刺0．5～0．8寸。","  在肩胛骨脊柱缘，有斜方肌，菱形肌，深层为髂肋肌；有第3肋间动、静脉背侧支，颈横动脉降支；布有第2、3胸神经后支。"
"168","  第4胸椎棘突下，旁开3寸。","  ①咳嗽，气喘，肺痨，②肩胛痛；③虚劳诸疾。","  斜刺0．5～0．8寸。","  在肩胛骨脊柱缘，有斜方肌、菱形肌，深层为髂肋肌；有第4肋间动、静脉背侧支及颈横动脉降支；布有第3、4胸神经后支。"
"169","  第5胸椎棘突下，旁开3寸。","  ①咳嗽，气喘，胸闷；②脊背强痛。","  斜刺0．5～0．8寸。","  在肩胛骨脊柱缘，有斜方肌，菱形肌，深层为髂肋肌；有第5肋间动静脉背侧支及颈横动脉降支；布有第4、5胸神经后支。"
"170","  第6胸椎棘突下，旁开3寸。","  ①咳嗽，气喘；②肩背痛；③疟疾，热病。","  斜刺0．5～0．8寸。","  在斜方肌外缘，有髂肋肌；有第6肋间动、静脉背侧支；布有第5、6胸神经后支。"
"171","  第7胸椎棘突下，旁开3寸。","  ①胸闷，嗳气，呕吐；②脊背强痛。","  斜刺0．5～0．8寸","  有背阔肌，髂肋肌；有第7肋间动、静脉背侧支；布有第6胸神经后支。"
"172","  第9胸椎棘突下，旁开3寸。"," ①胸胁痛，背痛；②呕吐，腹泻。","  斜刺0．5～0．8寸。","  有背阔肌，髂肋肌；有第9肋间动、静脉背侧支；布有第8、9胸神经后支。"
"173","  第10胸椎棘突下，旁开3寸。","  肠鸣，腹痛，腹泻，黄疸，消渴。","  斜刺0．5～0．8寸","  有背阔肌，髂肋肌；有第10肋间动、静脉背侧支；布有第9、10胸神经后支。"
"174","  第11胸椎棘突下，旁开3寸。","  腹胀、肠鸣、呕吐、腹泻。","  斜刺0．5～0．8寸","  有背阔肌，髂肋肌；有第11肋间动、静脉背侧支；布有第10、11胸神经后支。"
"175","  第12胸椎棘突下，旁开３寸。"," ①胃脘痛，腹胀，小儿食积，水肿；②背脊痛。","  斜刺0．5～0．8寸","  有背阔肌，髂肋肌；有肋下动、静脉背侧支；布有第12、13胸神经后支。"
"176","  第1腰椎棘突下，旁开3寸。","  ①腹痛，痞块，便秘；②乳疾。","  斜刺0．5～0．8寸","  有背阔肌，髂肋肌；有第1腰动、静脉背侧支；布有第12胸神经后支。"
"177","  第2腰椎棘突下，旁开3寸。 又名精宫。","  ①遗精，阳萎，小便不利；②腰脊强痛。","  斜刺0．5～0．8寸","  有背阔肌、髂肋肌；有第2腰动、静脉背侧支；布有第12胸神经后支外侧支，第1腰神经外侧支。"
"178","  第2骶椎棘突下，旁开3寸。","  ①肠鸣，腹胀，便秘；②癃闭；③腰脊强痛。","   直刺 l～1．5寸。","  有臀大肌，臀中肌及臀小肌；正当臀上动、静脉；布有臀上皮神经，深层为臀上神经。"
"179","  第4骶椎棘突下，旁开3寸。","  ①腰骶痛，下肢痿痹；②小便不利，便秘，痔疾。","  直刺1．5～2寸。","  有臀大肌，在梨状肌下缘；正当臀下动、静脉深层当臀下神经及股后皮神经，外侧为坐骨神经。"
"180","  委中穴直下2寸。","  ①腰脊强痛，下肢痿痹；②疝气，崩漏。","  直刺 l～2寸。","  在腓肠肌二头之间；有小隐静脉，深层为腓动、静脉；布有腓肠肌内侧皮神经，深层为腓神经。"
"181","  合阳穴与承山穴连线的中点，腓肠肌肌腹中央。","  ①腰腿拘急、疼痛；②痔疾。","   直刺 l～1．5寸。","  在腓肠肌两肌腹之间；有小隐静脉，深层为腓后动、静脉；布有腓肠内侧皮神经，深层为腓神经。"
"182","  腓肠肌两肌腹之间凹陷的顶端处，约在委中穴与昆仑穴之间中点。","  ①腰腿拘急、疼痛；②痔疾，便秘。","   直刺1～2寸。 不宜作过强的刺激，以免引起腓肠肌痉挛。","  在腓肠肌两肌腹交界下端；有小隐静脉，深层为股后动、静脉；布有腓肠内侧皮神经，深层为腓神经。"
"183","  昆仑穴直上7寸，承山穴外下方1寸处。"," ①头痛，目眩；②腰腿疼痛；③痔疾。","  直刺 l～1．5寸。","  有腓肠肌及比目鱼肌；布有腓肠外侧皮神经。"
"184"," 昆仑穴直上3寸。"," ①腰骶痛，下肢痿痹，外踝肿痛；②头痛。","  直刺0．8～1．2寸。","  在腓骨的后部，跟腱外前缘，深层为拇长屈肌；有小隐静脉，深层为腓动脉末支；布有腓肠神经。"
"185","  外踝尖与跟腱之间的凹陷处。","  ①后头痛，项强，腰骶疼痛，足踝肿痛；②癫痫；③滞产。","  直刺0．5～0．8寸。 孕妇禁用，经期慎用。","  有腓骨短肌；有小隐静脉及外踝后动、静脉；布有腓肠神经。"
"186","  昆仑穴直下，跟骨外侧，赤白肉际处。","  ①下肢痿痹，足跟痛；②癫痫。","  直刺0．3～0. 5寸。","  有腓动、静脉的跟骨外侧支；布有腓肠神 经跟骨外侧支。"
"187","  外踝直下方凹陷中。","  ①头痛，眩晕；②癫狂痫，失眠；③腰腿酸痛。","   直刺0．3～0．5寸。","  在腓骨长短肌腱上缘；有外踝动脉网及小隐静脉；布有腓肠神经的足背外侧皮神经分支。"
"188","  申脉穴前下方，骰骨外侧凹陷中。","  ①头痛，腰痛，下肢痿痹，外踝痛；②癫痫，小儿惊风。","  直刺0．3～0．5寸。","  在腓骨长肌腱和小趾外展肌之间；有足底外侧动、静脉；布有足背外侧皮神经，深层为足底外侧神经。"
"189","  第5跖骨粗隆下方，赤白肉际处。","  ①头痛，项强，腰痛；②癫痫。","  直刺0．3～0．5寸。","  在小趾外展肌下方；有足底外侧动、静脉； 布有足背外侧皮神经，深层为足底外侧神经。"
"190","  第5跖骨小头的后缘，赤白肉际处。","  ①头痛，项强，目眩，腰腿痛；②癫狂。","  直刺0．3～0．5寸。","  在小趾外展肌下方；有第4趾跖侧总动、 静脉；有第4趾跖侧神经及足背外侧皮神经分布。"
"191","  第5跖趾关节的前方，赤白肉际处。","  ①头痛，项强，鼻衄；②癫狂。","   直刺0．2～0．3寸。","  有趾跖侧动、静脉；布有趾跖侧固有神经及足背外侧皮神经。"
"192","  足小趾外侧趾甲角旁0.1寸。","  ①胎位不正，滞产；②头痛，目痛，鼻塞，鼻衄。","   浅刺0．1寸。 胎位不正用灸法。","  有趾背动脉及趾跖侧固有动脉形成的动脉网；布有趾跖侧固有神经及足背外侧皮神经。"
"193","足趾跖屈时，约当足底（去趾）前1／3凹陷处。","①昏厥，中暑，癫狂痫，小儿惊风；②头痛，头晕，目眩，失眠；③咳血，咽喉肿痛，喉痹；④大便难，小便不利；⑤奔豚气；⑥足心热。急救要穴之一。","直刺0.5～0.8寸。降邪宜用灸法或药物贴敷。","有趾短屈肌腱，趾长屈肌腱，第二蚓状肌，深层为骨间肌；有来自胫前动脉的足底弓；布有足底内侧神经支。"
"194","内踝前下方，足舟骨粗隆下缘凹陷中。","①月经不调，阴挺，阴痒，白浊；②遗精，阳痿；③消渴，腹泻，小便不利；④咳血，咽喉肿痛；⑤小儿脐风，口噤。","直刺0.5～0.8寸。","有足大趾外展肌，有跖内侧动脉及跗内侧动脉分支；布有小腿内侧皮神经末支及足底内侧神经。"
"195","内踝高点与跟腱后缘连线的中点凹陷处。","①头痛，目眩，失眠，健忘，咽喉肿痛，齿痛，耳鸣，耳聋；②咳嗽，气喘，咳血，胸痛：③消渴，小便频数，便秘；④月经不调，遗精，阳痿；⑤腰脊痛，下肢厥冷。","直刺0.5～0.8寸。","有胫后动、静脉；布有小腿内侧皮神经，当胫神经经过处。"
"196","太溪穴下0.5寸，当跟骨内侧前缘。","①痴呆；②癃闭，遗尿，便秘；③月经不调；④咳血，气喘；⑤腰脊强痛，足跟痛。","直刺0.3～0.5寸。","有胫后动脉跟内侧支；布有小腿内侧皮神经及胫神经的跟骨内侧神经。"
"197","太溪穴直下1寸，当跟骨结节内侧上缘。","①月经不调，痛经，经闭，阴挺；②小便不利。","直刺0.3～0.5寸。","有胫后动脉跟内侧支；布有小腿内侧皮神经及胫神经的跟骨内侧神经。"
"198","内踝高点正下缘凹陷处。","①失眠，癫痫；②咽喉干痛，目赤肿痛；③月经不调，带下，阴挺，小便频数，癃闭。","直刺0.5 ～0.8寸。","在足大趾外展肌的止点处；后方有胫后动、静脉；布有小腿内侧皮神经，深部为胫神经干。"
"199","太溪穴上2寸，当跟腱的前缘。","①水肿，汗证；②腹胀，腹泻；③腰脊强痛，下肢痿痹。","直刺0.5 ～1寸。","在比目鱼肌下端移行于跟腱处的内侧；前方有胫后动、静脉；布有腓肠内侧皮神经，小腿内侧皮神经，深层为胫神经。"
"200","太溪穴上2寸，胫骨内侧面后缘，约当复溜穴前0.5寸。","①月经不调，崩漏，阴挺，阴痒，疝气，五淋；②腹泻，便秘，痢疾。","直刺0.8 ～1.2寸。","在趾长屈肌中；深层为胫后动、静脉；布有小腿内侧皮神经，后方为胫神经本干。"
"201","太溪穴与阴谷穴的连线上，太溪穴直上5寸，约当腓肠肌内侧肌腹下缘处。","①癫狂；②疝气；③呕吐涎沫，吐舌；④小腿内侧痛。","直刺1～1.5寸。","在腓肠肌和趾长屈肌之间；深部有胫后动、静脉；布有腓肠内侧皮神经和小腿内侧皮神经，深部为胫神经干。"
"202","屈膝，腘窝内侧，当半腱肌腱与半膜肌腱之间。","①癫狂；②阳痿，月经不调，崩漏，小便不利；③膝股内侧痛。","直刺1～1.5寸。","在半腱肌和半膜肌之间；有膝上内侧动、静脉；布有股内侧皮神经。"
"203","脐下5寸，耻骨联合上际，前正中线旁开0.5寸。","①少腹胀痛；②小便不利，遗尿，遗精，阳痿；③疝气。","直刺1～1.5寸。","有腹内、外斜肌腱膜，腹横肌腱膜和腹直肌；有腹壁下动、静脉及阴部外动脉；布有髂腹下神经分支。"
"204","脐下4寸，前正中线旁开0.5寸。","遗精，阳痿，阴挺，带下。","直刺1～1.5寸。","有腹内、外斜肌腱膜，腹横肌腱膜和腹直肌；有腹壁下动、静脉肌支；布有第十二肋间神经及髂腹下神经。"
"205","脐下3寸，前正中线旁开0.5寸。","①奔豚气；②月经不调，带下；③小便不利；④腹泻。","直刺1～1.5寸。","在腹内、外斜肌腱膜，腹横肌腱膜和腹直肌中；有腹壁下动、静脉肌支；布有第十二肋间神经及髂腹下神经。"
"206","脐下2寸，前正中线旁开0.5寸。","①月经不调，崩漏，带下，产后恶露不净；②遗精，小腹痛；③脐下积、聚、疝、瘕，水肿。","直刺1～1.5寸。利水多用灸法。","肌肉、血管同大赫，布有第十一肋间神经。"
"207","脐下1寸，前正中线旁开0.5寸。","月经不调，腹痛，便秘，腹泻。","直刺1～1.5寸。","肌肉、血管同大赫，布有第十肋间神经。"
"208","脐旁0.5寸。","①腹痛，腹胀，腹泻，便秘；②月经不调；③疝气。","直刺1～1.5寸。","肌肉、血管同大赫，布有第十肋间神经。"
"209","脐上2寸，前正中线旁开0.5寸。","胃痛，腹痛，腹胀，腹泻，便秘，腹中积聚。","直刺1～1.5寸。","在腹直肌内缘，有腹壁上动、静脉分支；布有第九肋间神经。"
"210","脐上3寸，前正中线旁开0.5寸。","①胃痛，呕吐，腹痛，腹胀，便秘；②不孕。","直刺1～1.5寸。","在腹直肌内缘，有腹壁上动、静脉分支；布有第九肋间神经。"
"211","脐上4寸，前正中线旁开0.5寸。","胃痛，腹胀，便秘。","直刺1～1.5寸。","在腹直肌内缘，有腹壁上动、静脉分支；布有第八肋间神经。"
"212","脐上5寸，前正中线旁开0.5寸。","①腹痛，腹胀，胃痛，呕吐；②心痛，心悸，胸痛。","直刺0.5～1寸。","在腹直肌内缘，有腹壁上动、静脉分支；布有第八肋间神经。"
"213","脐上6寸，前正中线旁开0.5寸。","善哕，呕吐，腹痛，腹胀，腹泻。","直刺0.5～1寸。不可向上深刺，以免伤及内脏。","在腹直肌内缘，有腹壁上动、静脉分支；布有第七肋间神经。"
"214","第五肋间隙，前正中线旁开2寸。","胸痛，咳嗽，气喘，乳痈。","斜刺或平刺0.5～0.8寸，不可深刺，以免伤及心、肺。","在胸大肌起始部，有肋间外韧带及肋间内肌；有第五肋间动、静脉；布有第五肋间神经前皮支，深部为第五肋间神经。"
"215","第四肋间隙，前正中线旁开2寸。","胸胁支满，咳嗽，气喘，乳痈。","斜刺或平刺0.5～0.8寸，不可深刺，以免伤及心、肺。","在胸大肌中，有肋间外韧带及肋间内肌；有第四肋间动、静脉；布有第四肋间神经前皮支，深部为第四肋间神经。"
"216","第三肋间隙，前正中线旁开2寸。","胸胁支满，咳嗽，气喘，乳痈。","斜刺或平刺0.5～0.8寸，不可深刺，以免伤及心、肺。","在胸大肌中，有肋间外韧带及肋间内肌；有第三肋间动、静脉；布有第三肋间神经前皮支，深部为第三肋间神经。"
"217","第二肋间隙，前正中线旁开2寸。","胸胁支满，咳嗽，气喘，乳痈。","斜刺或平刺0.5～0.8寸，不可深刺，以免伤及心、肺。","在胸大肌中，有肋间外韧带及肋间内肌；有第二肋间动、静脉；布有第二肋间神经前皮支，深部为第二肋间神经。"
"218","第一肋间隙，前正中线旁开2寸。","胸胁支满，咳嗽，气喘，痰涌。","斜刺或平刺0.5～0.8寸，不可深刺，以免伤及心、肺。","在胸大肌中，有肋间外韧带及肋间内肌；有第一肋间动、静脉；布有第一肋间神经前皮支，深部为第一肋间神经，皮下有锁骨上神经前支。"
"219","锁骨下缘，前正中线旁开2寸。","咳嗽，气喘，胸痛。","斜刺或平刺0.5～0.8寸，不可深刺，以免伤及心、肺。","在胸大肌中，有胸内动、静脉的前穿支；布有锁骨上神经前支。"
"220","乳头外侧1寸，当第四肋间隙中。","①咳嗽，痰多，胸闷，气喘，胸痛；②乳痈；③瘰疬。","斜刺或平刺0.3～0.5寸，不可深刺，以免伤及心、肺。","在胸大肌外下部，胸小肌下部起端，深部为第四肋间内、外肌；有胸腹壁静脉，胸外侧动、静脉分支；布有胸前神经肌支及第四肋间神经。"
"221","腋前纹头下2寸，肱二头肌长、短头之间。","①心痛，咳嗽，胸胁胀满；②胸背及上臂内侧痛。","直刺1～1.5寸。","在肱二头肌的长短头之间；有肱动、静脉肌支；布有臂内侧皮神经及肌皮神经。"
"222","肘微屈，肘横纹中，肱二头肌腱尺侧缘。","①心痛，心悸，善惊；②胃痛，呕血，呕吐；③暑热病；④肘臂挛痛。","直刺1～1.5寸；或点刺出血。","在肱二头肌腱的尺侧；当肱动、静脉处；布有正中神经的主干。"
"223","腕横纹上5寸，掌长肌腱与桡侧腕屈肌腱之间。","①心痛，心悸，心烦胸痛；②咳血，呕血，衄血；③疔疮；④癫痫。","直刺0.5～1寸。","在桡侧腕屈肌腱与掌长肌腱之间，有指浅屈肌，深部为指深屈肌；有前臂正中动、静脉，深部为前臂掌侧骨间动、静脉；布有前臂内侧皮神经，其下为正中神经，深层有前臂掌侧骨间神经。"
"224","腕横纹上3寸，掌长肌腱与桡侧腕屈肌腱之间。","①心痛，心悸；②胃痛，呕吐；③热病，疟疾；④癫狂痫。","直刺0.5～1寸。","在桡侧腕屈肌腱与掌长肌腱之间，有指浅屈肌，深部为指深屈肌；有前臂正中动、静脉，深部为前臂掌侧骨间动、静脉；布有前臂内侧皮神经，其下为正中神经，深层有前臂掌侧骨间神经。"
"225","腕横纹上2寸，掌长肌腱与桡侧腕屈肌腱之间。","①心痛，心悸：②胃痛，呕吐，呃逆，③胁痛，胁下痞块；③中风，失眠，眩晕，郁证，癫狂痫，偏头痛；④热病；⑤肘臂挛痛。","直刺0.5～1寸。","在桡侧腕屈肌腱与掌长肌腱之间，有指浅屈肌，深部为指深屈肌；有前臂正中动、静脉，深部为前臂掌侧骨间动、静脉；布有前臂内侧皮神经，其下为正中神经，深层有前臂掌侧骨间神经。"
"226","腕横纹中央，掌长肌腱与桡侧腕屈肌腱之间。","①心痛，心悸；②胃痛，呕吐，口臭；③胸胁满痛：④喜笑悲恐，癫狂痫；⑤臂、手挛痛。","直刺0.3～0.5寸。","在掌长肌腱与桡侧腕屈肌腱之间，有拇长屈肌和指深屈肌腱；有腕掌侧动、静脉网；布有前臂内侧皮神经，正中神经掌皮支，深层为正中神经本干。"
"227","掌心横纹中，第二、三掌骨中间。简便取穴法：握拳，中指尖下是穴。","①中风昏迷，中暑；②心痛，烦闷，癫狂痫；③口疮，口臭；④鹅掌风。","直刺0.3～0.5寸。为急救要穴之一。","在第二掌骨间，下为掌腱膜，第二蚓状肌及指浅、深屈肌腱，深层为拇指内收肌横头的起点，有骨间肌；有指掌侧总动脉；布有正中神经的第二指掌侧总神经。"
"228","中指尖端的中央。","①中风昏迷，舌强不语，中暑，昏厥，小儿惊风；②热病。","浅刺0.1寸；或点刺出血。为急救要穴之一。","有指掌侧固有动静脉所形成的动、静脉网；为正中神经的指掌侧固有神经分布处。"
"229","无名指尺侧指甲根角旁0.1寸。","①头痛，目赤，耳鸣，耳聋，喉痹，舌强；②热病，心烦。","浅刺0.1寸；或点刺出血。为急救要穴之一。","有指掌侧固有动、静脉所形成的动、静脉网；布有尺神经的指掌侧固有神经。"
"230","第四、五掌指关节之间的前缘凹陷中。","①头痛，目赤，耳鸣，耳聋，喉痹；②疟疾；③手臂痛。","直刺0.3～0.5寸。","有来自尺动脉的指背动脉；布有来自尺神经的手背支。"
"231","手背，第四、五掌骨小头后缘之间凹陷中，当液门穴后1寸。","①头痛，目赤，耳鸣，耳聋，喉痹；②热病；③肩背肘臂酸痛，手指不能屈伸。","直刺0.3～0.5寸。","有第四骨间肌；皮下有手背静脉网及第四掌背动脉；布有来自尺神经的手背支。"
"232","腕背横纹中，指总伸肌腱尺侧缘凹陷中。","①目赤肿痛，耳聋，喉痹：②消渴，口干；③腕痛，肩臂痛。","直刺0.3～0.5寸。","有皮下手背静脉网，第四掌背动脉；布有尺侧神经手背支及前臂背侧皮神经末支。"
"233","腕背横纹上2寸，尺骨与桡骨正中间。","①热病：②头痛，目赤肿痛，耳鸣，耳聋：③瘰疬，胁肋痛；④上肢痿痹不遂。","直刺0.5～1寸。","在桡骨于尺骨之间，指总深肌与拇长伸肌之间；深层有前臂骨间背侧动脉和掌侧动、静脉；布有前臂背侧皮神经，深层有前臂骨间背侧神经及掌侧神经。"
"234","腕背横纹上3寸，尺骨与桡骨正中间。","①便秘；②耳鸣，耳聋，暴喑；③瘰疬，胁肋疼痛；④热病。","直刺0.5～1寸。","在桡骨于尺骨之间，指总深肌与拇长伸肌之间；深层有前臂骨间背侧动脉和掌侧动、静脉；布有前臂背侧皮神经，深层有前臂骨间背侧神经及掌侧神经。"
"235","支沟穴尺侧约1寸，当尺骨桡侧缘。","耳聋，痫证，上肢肌肤痛。","直刺0.5～1寸。","在尺骨桡侧缘，在小指固有伸肌和尺侧腕伸肌之间；深层有前臂骨间背侧动、静脉；布有前臂背侧皮神经，深层有前臂骨间背侧神经及骨间掌侧神经。"
"236","支沟穴上1寸，尺骨与桡骨之间。","耳聋，暴喑，齿痛，手臂痛。","直刺0.5～1寸。","在指总伸肌与拇长展肌起端之间；有前臂骨间背侧动、静脉；布有前臂背侧皮神经，深层有前臂骨间背侧神经。"
"237","尺骨鹰嘴下5寸，尺骨与桡骨之间。","耳聋，暴喑，齿痛，手臂痛。","直刺0.5～1寸。","在指总伸肌与尺侧腕伸肌之间；深层有前臂骨间背侧动、静脉；布有前臂背侧皮神经，深层有前臂骨间背侧神经。"
"238","屈肘，尺骨鹰嘴上1寸凹陷中。","①耳聋；②癫痫；③瘰疬，瘿气；④偏头痛，胁肋痛，颈项肩臂痛。","直刺0.5～1寸。","在肱骨下端后面鹰嘴握中，有肱三头肌腱；有肘关节动、静脉网；布有前臂背侧皮神经和桡神经肌支。"
"239","屈肘，天井穴上1寸。","头痛，目黄，肩臂痛不能举。","直刺0.8～1.2寸。","在肱三头肌下部；有中侧副动、静脉末支；布有前臂背侧皮神经和桡神经肌支。"
"240","肩髎穴与天井穴连线上，清冷渊穴上3寸。","头痛，赤痛，项背痛。","直刺1～1.5寸。","在肱三头肌肌腹之间；有中侧副动、静脉末支；布有前臂背侧皮神经和桡神经肌支。"
"241","肩髎穴与天井穴连线上，肩髎穴下3寸，三角肌后缘。","①瘰疬；②瘿气；③上肢痹痛。","直刺1～1.5寸。","在肱三头肌长头与外侧头之间；有中侧副动、静脉末支；布有前臂背侧皮神经和桡神经肌支，深层为桡神经。"
"242","肩峰后下方，上臂外展时，当肩髃穴后寸许凹陷中。","肩臂挛痛不遂。","直刺1～1.5寸。","在肩峰后下方，三角肌中；有旋肱后动脉肌支；布有腋神经的肌支。"
"243","肩井穴与曲垣穴连线的中点，当肩胛骨上角凹陷处。","肩臂痛，颈项强急。","直刺0.5～1寸。","有斜方肌、冈上肌；有静横动脉降支，深层为肩胛上动脉肌支；布有第一胸神经后支外侧皮支，副神经，深层为肩胛上神经肌支。"
"244","乳突后下方，胸锁乳突肌后缘，平下颌角处。","①头痛，头眩，项强，目不明，暴聋，鼻衄，喉痹；②瘰疬；③肩背痛。","直刺0.5～1寸。","在胸锁乳突肌止部后缘；有枕动脉肌支，耳后动、静脉及颈后浅静脉；布有枕小神经本干，深层为副神经，颈神经。"
"245","乳突前下方与耳垂之间的凹陷中。","①耳鸣，耳聋：②口眼歪斜，牙关紧闭，颊肿；③瘰疬。","直刺0.5～1寸。","有耳后动、静脉，颈外浅静脉；布有耳大神经，深层为面神经干从茎乳突穿出处。"
"246","耳后，当翳风穴与角孙穴沿耳轮连线的下1／3与上2／3交界处。","①头痛，耳鸣，耳聋；③小儿惊风。","平刺0.3～0.5寸；或点刺静脉出血。","在耳后肌上；有耳后动、静脉；布有耳大神经耳后支。"
"247","耳后，当翳风穴与角孙穴沿耳轮连线的上1／3与下2／3交界处。","①头痛，耳鸣，耳聋；③小儿惊风。","平刺0.3～0.5寸。","有耳后动、静脉；布有耳大神经和枕小神经的吻合支。"
"248","当耳尖发际处。","①头痛，项强；②目赤肿痛，目翳；③齿痛，颊肿。","平刺0.3～0.5寸。","有耳上肌；颞浅动、静脉耳前支；布有耳颞神经分支。"
"249","耳屏上切迹前，下颌骨髁状突后缘，张口有孔。","①耳鸣，耳聋，聤耳；②齿痛，头颔痛。","微张口，直刺0.5～1寸。","有颞浅动、静脉耳前支；布有耳颞神经，面神经分支。"
"250","鬓发后际，平耳廓根前，当颞浅动脉后缘。","①头痛，耳鸣；②牙关紧闭，口歪。","避开动脉，平刺0.3～0.5寸。","有颞肌和颞浅动、静脉；布有耳颞神经分支，面神经颞支。"
"251","眉梢的凹陷处。","①癫痫；②头痛，眩晕，目赤肿痛，眼睑瞤动；③齿痛。","平刺0.3～0.5寸。","有眼轮匝肌；颞浅动、静脉额支；布有面神经颧眶支及耳颞神经分支。"
"252","目外眦外侧0.5寸，眶骨外缘凹陷中。","①头痛；②目赤肿痛，羞明流泪，内障，目翳等目疾。","平刺0.3～0.5寸。或三棱针点刺出血。","有眼轮匝肌，深层为颞肌；当颧眶动、静脉分布处；布有颧面神经和颧颞神经，面神经的额颞支。"
"253","耳屏间切迹前，下颌骨髁状突后缘，张口有孔。","①耳鸣，耳聋，聤耳；②齿痛，口眼歪斜。","微张口，直刺0.5～0.8寸。","有颞浅动脉耳前支，深部为颈外动脉及面后静脉；布有耳大神经，皮下为面神经。"
"254","下关穴直上，颧弓上缘。","①耳鸣，耳聋，聤耳；②齿痛，面痛，口眼歪斜，口噤。","直刺0.3～0.5寸。","在颞肌中；有颧眶动、静脉；布有面神经的颧眶支及三叉神经小分支。"
"255","头维穴与曲鬓穴弧形连线的上1／4与下3／4交界处。","①头痛，眩晕；②惊痫，瘈疭；③耳鸣，目外眦痛，齿痛。","平刺0.5～0.8寸。","在颞肌中；有颞浅动、静脉额支；布有耳颞神经颞支。"
"256","头维穴与曲鬓穴弧形连线的中点。","偏头痛，目赤肿痛，齿痛。","平刺0.5～0.8寸。","在颞肌中；有颞浅动、静脉额支；布有耳颞神经颞支。"
"257","头维穴与曲鬓穴弧形连线的下1／4与上3／4交界处。","偏头痛，目赤肿痛，耳鸣。","平刺0.5～0.8寸。","在颞肌中；有颞浅动、静脉额支；布有耳颞神经颞支。"
"258","耳前鬓发后缘直上，平角孙穴。","头痛连齿，颊颔肿，口噤。","平刺0.5～0.8寸。","在颞肌中；有颞浅动、静脉额支；布有耳颞神经颞支。"
"259","耳尖直上，入发际1.5寸。","①头痛，眩晕；②小儿急、慢惊风。","平刺0.5～0.8寸。","在颞肌中；有颞动、静脉顶支；布有耳颞神经和枕大神经会合支。"
"260","耳根后缘直上，入发际2寸。","①头痛，癫痫；②牙龈肿痛。","平刺0.5～0.8寸。","有耳后动、静脉；布有耳大神经支。"
"261","耳根上缘向后入发际横量1寸。","①头痛，耳鸣，耳聋，齿痛；②瘿气。","平刺0.5～0.8寸。","有耳后动、静脉；布有耳大神经分支。"
"262","乳突后上缘，当浮白穴与完骨穴的连线上。","①头痛，眩晕，颈项强痛；②耳鸣，耳聋。","平刺0.5～0.8寸。","有耳后动、静脉；布有枕大神经和枕小神经会合支。"
"263","耳后，乳突后下方凹陷处。","①癫痫，头痛，颈项强痛；②喉痹，颊肿，齿痛，口歪。","平刺0.5～0.8寸。","在胸锁乳突肌附着部上方，有耳后动、静脉分支；布有枕小神经本干。"
"264","入前发际0.5寸，督脉（神庭）穴旁开3寸。","①癫痫，小儿惊风，中风；②头痛，目眩。","平刺0.5～0.8寸。","在额肌中；有颞浅动、静脉额支和额动、静脉外侧支；布有额神经外侧支。"
"265","目正视，瞳孔直上，眉上1寸。","①头痛；②目眩，目痛，视物模糊，眼睑瞤动。","平刺0.5～0.8寸。","在额肌中；有额动、静脉外侧支；布有额神经外侧支。"
"266","目正视，瞳孔与风池穴连线上，入前发际0.5寸。","①头痛；②目痛，目眩，流泪，目翳；③鼻塞，鼻渊，④小儿惊痫。","平刺0.5～0.8寸。","在额肌中；有额动、静脉；布有额神经内、外支会合支。"
"267","目正视，瞳孔与风池穴连线上，头临泣穴后1寸。","①头痛；②目痛，目眩，远视，近视；③小儿惊痫。","平刺0.5～0.8寸。","在帽状腱膜中；有颞浅动、静脉额支；布有额神经内、外侧支会合支。"
"268","目正视，瞳孔与风池穴连线上，目窗穴后1寸。","头痛，头晕，目眩。","平刺0.5～0.8寸。","在帽状腱膜中；有颞浅动、静脉顶支和枕动、静脉吻合网；布有额神经和枕大神经会合支。"
"269","目正视，瞳孔与风池穴连线上，正营穴后1.5寸。","①头痛，眩晕，目痛；②鼻渊，鼻衄，鼻窒，多涕。","平刺0.5～0.8寸。","在帽状腱膜中；有枕动、静脉分支；布有枕大神经分支。"
"270","目正视，瞳孔与风池穴连线上，承灵穴后1.5寸，与督脉脑户穴相平处。","①热病；②头痛，颈项强痛；③目眩，目赤肿痛，鼻痛，耳聋；④惊悸，癫痫。","平刺0.5～0.8寸。","在枕肌中；有枕动、静脉分支；布有枕大神经分支。"
"271","胸锁乳突肌与斜方肌上端之间的凹陷中，平风府穴。","①中风，癫痫，头痛，眩晕，耳鸣等内风为患者；②感冒，鼻塞，鼽衄，目赤肿痛，羞明流泪，耳聋，口眼歪斜等外风为患者；③颈项强痛。","针尖微下，向鼻尖斜刺0.8～1.2寸，或平刺透风府穴。深部中间为延髓，必须严格掌握针刺的角度与深度。","在胸锁乳突肌与斜方肌上端附着部之间的凹陷中，深部为头夹肌；有枕动、静脉分支；布有枕小神经分支。"
"272","肩上，大椎穴与肩峰连线的中点。","①颈项强痛，肩背疼痛，上肢不遂；②难产，乳痈，乳汁不下；③瘰疬。","直刺0.5～0.8寸。内有肺尖，慎不可深刺；孕妇禁针。","有斜方肌，深部为肩胛提肌与冈上肌；有颈横动、静脉分支；布有腋神经分支，深部上方为桡神经。"
"273","举臂，腋中线上，第四肋间隙。","①胸满，胁痛；②上肢痹痛，腋下肿。","斜刺或平刺0.5～0.8寸，不可深刺，以免伤及脏器。","有前锯肌和肋间内、外肌；有胸腹壁静脉，胸外侧动、静脉及第四肋间动、静脉；布有第四肋间神经外侧皮支，胸长神经分支。"
"274","渊腋穴前1寸，第四肋间隙。","①胸满，气喘；②胁痛，呕吐，吞酸；③腋肿，肩背痛。","斜刺或平刺0.5～0.8寸，不可深刺，以免伤及脏器。","在胸大肌外缘，有前锯肌和肋间内、外肌；有胸外侧动、静脉；布有第四肋间神经外侧皮支。"
"275","乳头直下，第七肋间隙。","①黄疸，呕吐，吞酸，呃逆等胆府病；②胁痛。","斜刺或平刺0.5～0.8寸，不可深刺，以免伤及脏器。","有肋间内、外肌，肋下缘有腹外斜肌腱膜，腹内斜肌，腹横肌；有第七肋间动、静脉；布有第七或第八肋间神经。"
"276","侧卧，第十二肋游离端下际处。","①小便不利，水肿；②腹胀，肠鸣，腹泻；③腰痛，胁痛。","直刺0.5～1寸。","有腹内、外斜肌及腹横肌；有第十一肋间动、静脉；布有第十一肋间神经。"
"277","侧腹，第十一肋骨游离端直下平脐处。","①月经不调，闭经，赤白带下；②疝气；③腰痛，胁痛。","直刺1～1.5寸。","有腹内、外斜肌及腹横肌；有第十二肋间动、静脉；布有第十二肋间神经。"
"278","侧腹，髂前上棘前0.5寸，约平脐下3寸处。","①阴挺，赤白带下，月经不调；②疝气；③少腹痛，腰胯痛。","直刺1～1.5寸。","有腹内、外斜肌及腹横肌；有旋髂浅、深动、静脉；布有髂腹下神经。"
"279","五枢穴前下方0.5寸。","①阴挺，赤白带下，月经不调；②疝气；③少腹痛，腰胯痛。","直刺或向前下方斜刺1～1.5寸。","在髂前上棘内前方，有腹内、外斜肌及腹横肌；有旋髂浅、深动、静脉；布有髂腹股沟神经。"
"280","侧卧，髂前上棘与股骨大转子高点连线的中点处。","①腰腿痹痛，瘫痪；②疝气，少腹痛。","直刺1～1.5寸。","浅层为阔筋膜张肌，深部为股外侧肌；有旋髂浅动、静脉分支及旋股外侧动静脉升支；布有股外侧皮神经。"
"281","侧卧屈股，当股骨大转子高点与骶管裂孔连线的外1／3与内2／3交界处。","①腰胯疼痛，下肢痿痹，半身不遂；②遍身风疹。","直刺2～3寸。","在臀大肌、梨状肌下缘；内侧为臀下动、静脉；布有臀下皮神经，臀下神经，深部正当坐骨神经。"
"282","大腿外侧正中，腘横纹上7寸。或垂手直立时，中指尖下是穴。","①下肢痿痹、麻木，半身不遂；②遍身瘙痒。","直刺1～1.5寸。","在阔筋膜下，股外侧肌中；有旋股外侧动、静脉肌支；布有股外侧皮神经，股神经肌支。"
"283","大腿外侧正中，腘横纹上5寸。","下肢痿痹、麻木，半身不遂。","直刺1～1.5寸。","在阔筋膜下，股外侧肌中；有旋股外侧动、静脉肌支；布有股外侧皮神经，股神经肌支。"
"284","阳陵泉上3寸，股骨外上髁外上方凹陷中。","膝腘肿痛、挛急，小腿麻木。","直刺1～1.5寸。","在髂胫束后方，股二头肌腱前方；有膝上外侧动、静脉；布有股外侧皮神经末支。"
"285","腓骨小头前下方凹陷中。","①黄疸，胁痛，口苦，呕吐，吞酸等胆腑病；②膝肿痛，下肢痿痹、麻木；③小儿惊风。","直刺1～1.5寸。","在腓骨长、短肌中；有膝下外侧动、静脉；当腓总神经分为腓浅神经及腓深神经处。"
"286","外踝高点上7寸，腓骨后缘。","①惊狂，癫痫，瘈疭；②胸胁满痛；③下肢痿痹。","直刺0.5～0.8寸。","在腓骨长肌附着部；有腓动、静脉分支；布有腓肠外侧皮神经。"
"287","外踝高点上7寸，腓骨前缘。","①癫狂；②胸胁胀满；③下肢痿痹。","直刺0.5～0.8寸。","在腓骨长肌和趾总伸肌之间，深层为腓骨短肌；有胫前动、静脉肌支；布有腓浅神经。"
"288","外踝高点上5寸，腓骨前缘。","①目痛，夜盲；②胸乳胀痛；③下肢痿痹。","直刺0.5～0.8寸。","在趾长伸肌和腓骨短肌之间；有胫前动、静脉分支；布有腓浅神经。"
"289","外踝高点上4寸，腓骨前缘稍前处。","①偏头痛，目外眦痛，咽喉肿痛，腋下肿痛，胸胁满痛；②瘰疬；③下肢痿痹。","直刺0.5～0.8寸。","在趾长伸肌和腓骨短肌之间；有胫前动、静脉分支；布有腓浅神经。"
"290","外踝高点上3寸，腓骨后缘。","①痴呆，中风，半身不遂；②颈项强痛，胸胁满痛，下肢痿痹。","直刺0.5～0.8寸。","在腓骨短肌与趾长伸肌分歧处；有胫前动、静脉分支；布有腓浅神经。"
"291","外踝前下方，趾长伸肌腱的外侧凹陷中。","①目赤肿痛，目生翳膜；②颈项痛，腋下肿，胸胁痛，外踝肿痛；③下肢痿痹。","直刺0.5～0.8寸。","在趾短伸肌起点处；有外踝前动、静脉分支；布有足背外侧皮神经分支及腓浅神经分支。"
"292","第四、五跖骨结合部的前方凹陷处，足小趾伸肌腱的外侧。","①偏头痛，目赤肿痛，胁肋疼痛，足跗疼痛；②月经不调，乳痈：③瘰疬。","直刺0.5～0.8寸。","有足背静脉网，第四跖背侧动、静脉；布有足背中间皮神经。"
"293","第四、五跖骨间，当小趾伸肌腱的内侧缘处。","①头痛，目赤肿痛，耳鸣，耳聋；②乳痈；③腋肿，胁痛，足跗肿痛。","直刺0.5～0.8寸。","有足背静脉网，第四跖背侧动、静脉；布有足背中间皮神经。"
"294","足背，第四、五趾间纹头上凹陷处。","①惊悸；②头痛，眩晕，耳鸣，耳聋；③颊肿，目外眦赤痛，胁肋疼痛，膝股痛，足跗肿痛；③乳痈。","直刺0.3～0.5寸。","有趾背侧动、静脉；布有足背中间皮神经的趾背侧神经。"
"295","第四趾外侧趾甲根角旁0.1寸。","①头痛，目赤肿痛，耳鸣，耳聋，咽喉肿痛；②胸胁痛，足跗肿痛。","浅刺0.1寸，或点刺出血。","有趾背侧动、静脉，跖趾侧动、静脉形成的动、静脉网；布有趾背侧神经。"
"296","足大趾外侧趾甲根角旁约0.1寸。","①疝气，少腹痛；②遗尿，癃闭，五淋，尿血；③月经不调，崩漏，缩阴，阴中痛，阴挺；④癫痫，善寐。","浅刺0.1～0.2寸，或点刺出血。","有趾背动、静脉；布有腓深神经的趾背神经。"
"297","足背，当第一、二趾间的趾蹼缘上方纹头处。","①中风，癫痫；②头痛，目眩，目赤肿痛，青盲，口歪；③月经不调，痛经，闭经，崩漏，带下，阴中痛，疝气；④遗尿，癃闭，五淋；⑤胸胁满痛；⑥下肢内侧痛，足跗肿痛。","直刺0.5～0.8寸。","有足背静脉网；第一跖背动、静脉；正当腓深神经的趾背神经分为趾背神经的分歧处。"
"298","足背，第一、二跖骨结合部之前凹陷中。","①中风，癫狂痫，小儿惊风：②头痛，眩晕，耳鸣，目赤肿痛，口歪，咽痛；③月经不调，痛经，经闭，崩漏，带下；④胁痛，腹胀，呕逆，黄疸；⑤癃闭，遗尿：⑥下肢痿痹，足跗肿痛。","直刺0.5～0.8寸。","在拇长伸肌腱外缘；有足背静脉网，第一跖背动脉；布有腓深神经的跖背侧神经，深层为胫神经足底内侧神经。"
"299","内踝前1寸，胫骨前肌腱内缘凹陷中。","①疝气，遗精，小便不利；②腰痛，少腹痛，内踝肿痛。","直刺0.5～0.8寸。","在胫骨前肌腱的内侧；有足背静脉网，内踝前动脉；布有足背内侧皮神经的分支及隐神经。"
"300","内踝尖上5寸，胫骨内侧面的中央。","①月经不调，赤白带下，阴挺，阴痒；②小便不利，疝气，睾丸肿痛。","平刺0.5～0.8寸。","在胫骨内侧面下三分之一处；其内后侧有大隐静脉；布有隐神经前支。"
"301","内踝尖上7寸，胫骨内侧面的中央。","①疝气，小腹痛；②崩漏，恶露不尽。","平刺0.5～0.8寸。","在胫骨内侧面中央；其内后侧有大隐静脉；布有隐神经中支。"
"302","胫骨内上髁后下方，阴陵泉穴后1寸。","膝髌肿痛，下肢痿痹。","直刺1～1.5寸。","在胫骨内侧面下方腓肠肌内侧头的上部；深部有胫后动脉；布有腓肠内侧皮神经，深部为胫神经。"
"303","屈膝，当膝内侧横纹头上方，半腱肌、半膜肌止端前缘凹陷中。","①月经不调，痛经，带下，阴挺，阴痒，产后腹痛；②遗精，阳痿，疝气，小便不利；③膝髌肿痛，下肢痿痹。","直刺1～1.5寸。","在胫骨内髁后缘，半膜肌、半腱肌止点前上方，缝匠肌后缘；浅层有大隐静脉，深层有腘动、静脉；布有隐神经，闭孔神经，深向腘窝可及胫神经。"
"304","股骨内上髁上4寸，缝匠肌后缘。","①月经不调，小便不利，遗尿；②腰骶痛引少腹。","直刺0.8～1.5寸。","在股内肌与逢匠肌，内收长肌中点，深层为内收短肌；有股动、静脉，旋股内侧动脉浅支；布有股前皮神经，闭孔神经浅、深支。"
"305","曲骨穴旁开2寸， 直下3寸。","①少腹痛，小便不通，阴挺，睾丸肿痛；②瘰疬。","直刺0.8～1.5寸。","有内收长肌，内收短肌；有股内侧动脉浅支；布有闭孔神经浅、深支。"
"306","曲骨穴旁开2寸，直下2寸。","月经不调，带下，少腹痛。","直刺0.8～1.5寸。","有内收长肌和内收短肌；有旋股内侧动、静脉浅支；布有股神经的内侧皮支，深层为闭孔神经浅、深支。"
"307","耻骨联合下缘中点旁开2.5寸，当气冲穴外下方腹股沟处。","少腹痛，疝气，阴挺。","避开动脉，直刺0.5～1寸。","有阴部外动、静脉分支及腹壁下动、静脉的耻骨支，外方有股静脉；布有髂腹股沟神经，深层为闭孔神经的分支。"
"308","第十一肋游离端下际。","①腹痛，腹胀，肠鸣，腹泻，呕吐；②胁痛，黄疸，痞块，小儿疳疾。","直刺0.8～1寸。","有腹内、外斜肌及腹横肌；有第十肋间动脉末支；布有第十、十一肋间神经；右侧当肝脏下缘，左侧当脾脏下缘。"
"309","乳头直下，第六肋间隙，前正中线旁开4寸。","①胸胁胀痛，乳痈；②呕吐，吞酸，呃逆，腹胀，腹泻；③奔豚；④伤寒热入血室。","斜刺或平刺0.5～0.8寸，不可深刺，以免伤及内脏。","在腹内外斜肌腱膜中，有肋间肌；有肋间动、静脉；布有第六、七肋间神经。"
"310","跪伏或胸膝位，当尾骨尖端与肛门连线的中点处。","①腹泻，痢疾，便血，便秘，痔疮，脱肛；②癫狂痫，瘈疭，脊强反折。","紧靠尾骨前面斜刺0.8～1寸；不宜直刺，以免伤及直肠。","在肛尾膈中；有肛门动、静脉分支，棘突间静脉丛的延续部；布有尾神经后支及肛门神经。"
"311","正当骶管裂孔处。","①腹泻，痢疾，便血，便秘，痔疮，脱肛；②月经不调，经闭；③腰脊强痛，下肢痿痹。","向上斜刺0.5～1寸。","在骶后韧带、腰背筋膜中；有骶中动、静脉后支，棘间静脉丛；布有尾神经分支。"
"312","后正中线上，第四腰椎棘突下凹陷中；约与髂嵴相平。","①腰骶疼痛，下肢痿痹；②月经不调，赤白带下；③遗精，阳痿。","向上斜刺0.5～1寸。多用灸法。","在腰背筋膜、棘上韧带及肌间韧带中；有腰动脉后支，棘间皮下静脉丛；布有腰神经后支的内侧支。"
"313","后正中线上，第二腰椎棘突下凹陷中。","①腰脊强痛，下肢痿痹；②月经不调，赤白带下，痛经，经闭，不孕；③遗精，阳痿，精冷不育，小便频数；④小腹冷痛，腹泻。","向上斜刺0.5～1寸。多用灸法。","在腰背筋膜、棘上韧带及肌间韧带中；有腰动脉后支和棘间皮下静脉丛；布有腰神经后支的内侧支。"
"314","后正中线上，第一腰椎棘突下凹陷中。","①腰脊强痛；②腹胀，腹痛，完谷不化，腹泻，痢疾。","向上斜刺0.5～1寸。","在腰背筋膜、棘上韧带及肌间韧带中；有腰动脉后支和棘间皮下静脉丛；布有腰神经后支的内侧支。"
"315","后正中线上，第十一胸椎棘突下凹陷中。","①癫痫；②黄疸，腹泻，痢疾，小儿疳疾；③痔疮，脱肛，便血；④腰脊强痛。","向上斜刺0.5～1寸。","在腰背筋膜、棘上韧带及肌间韧带中；有第十一肋间动脉后支和棘间皮下静脉丛；布有第十一胸神经后支的内侧支。"
"316","后正中线上，第十胸椎棘突下凹陷中。","①黄疸；②呕吐，腹满，胃痛，食欲不振；③腰背疼痛。","向上斜刺0.5～1寸。","在腰背筋膜、棘上韧带及肌间韧带中；有第十肋间动脉后支和棘间皮下静脉丛；布有第十胸神经后支的内侧支。"
"317","后正中线上，第九胸椎棘突下凹陷中。","①癫狂痫；②抽搐，脊强，背痛，四肢不收，筋挛拘急；③胃痛，黄疸。","向上斜刺0.5～1寸。","在腰背筋膜、棘上韧带及肌间韧带中；有第九肋间动脉后支和棘间皮下静脉丛；布有第九胸神经后支的内侧支。"
"318","后正中线上，第七胸椎棘突下凹陷中。","①黄疸；②胸胁支满，咳嗽，气喘；③腰背疼痛，脊强。","向上斜刺0.5～1寸。","在腰背筋膜、棘上韧带及肌间韧带中；有第七肋间动脉后支和棘间皮下静脉丛；布有第七胸神经后支的内侧支。"
"319","后正中线上，第六胸椎棘突下凹陷中。","①咳嗽，气喘；②脊痛，项强；③疔疮。","向上斜刺0.5～1寸。","在腰背筋膜、棘上韧带及肌间韧带中；有第六肋间动脉后支和棘间皮下静脉丛；布有第六胸神经后支的内侧支。"
"320","后正中线上，第五胸椎棘突下凹陷中。","①心痛，心悸，怔忡，失眠，健忘；②中风不语，癫痫；③咳嗽，气喘；④腰脊强，肩背痛。","向上斜刺0.5～1寸。","在腰背筋膜、棘上韧带及肌间韧带中；有第五肋间动脉后支和棘间皮下静脉丛；布有第五胸神经后支的内侧支。"
"321","后正中线上，第三胸椎棘突下凹陷中；约与两侧肩胛冈高点相平。","①身热头痛，咳嗽，气喘；②惊厥，癫狂痫；③腰脊强痛；④疔疮发背。","向上斜刺0.5～1寸。","在腰背筋膜、棘上韧带及肌间韧带中；有第三肋间动脉后支和棘间皮下静脉丛；布有第三胸神经后支的内侧支。"
"322","后正中线上，第一胸椎棘突下凹陷中。","①热病，疟疾；②恶寒发热，咳嗽，气喘，骨蒸潮热；③癫狂，脊强。","向上斜刺0.5～1寸。","在腰背筋膜、棘上韧带及肌间韧带中；有第一肋间动脉后支和棘间皮下静脉丛；布有第一胸神经后支的内侧支。"
"323","后正中线上，第七颈椎棘突下凹陷中。","①热病，疟疾；②恶寒发热，咳嗽，气喘，骨蒸潮热，胸痛；③癫狂痫，小儿惊风；④项强，脊痛；⑤风疹，痤疮。","向上斜刺0.5～1寸。","在腰背筋膜、棘上韧带及肌间韧带中；有颈横动脉分支和棘间皮下静脉丛；布有第八颈神经后支的内侧支。"
"324","正坐，头微前倾，后正中线上，入发际上0.5寸。","①暴瘖，舌缓不语；②中风，癫狂痫，癔病；③头重，头痛，颈项强急。","正坐位，头微前倾，项部放松，向下颌方向缓慢刺入0.5～1寸；不可向上深刺，以免刺入枕骨大孔，伤及延髓。","在项韧带和项肌中，深部为弓间韧带和脊髓；有枕动、静脉分支及棘间静脉丛；布有第三颈神经和枕大神经支。"
"325","正坐，头微前倾，后正中线上，入发际上1寸。","①中风，癫狂痫，癔病；②眩晕，头痛，颈项强痛；③咽喉肿痛，失音，目痛，鼻衄。","正坐位，头微前倾，项部放松，向下颌方向缓慢刺入0.5～1寸；不可向上深刺，以免刺入枕骨大孔，伤及延髓。","在项韧带和项肌中，深部为环枕后膜和小脑延髓池；有枕动、静脉分支及棘间静脉丛；布有第三颈神经和枕大神经支。"
"326","风府穴直上1.5寸，当枕骨粗隆上缘凹陷处。","头晕，项强，失音，癫痫。","平刺0.5～0.8寸。","在左右枕骨肌之间；有左右枕动、静脉分支；布有枕大神经分支。"
"327","脑户穴直上1.5寸；或当风府穴与百会穴连线的中点处。","头痛，目眩，项强，癫狂。","平刺0.5～0.8寸。","在浅筋膜、帽状腱膜中；有左右枕动、静脉吻合网；布有枕大神经分支。"
"328","强间穴直上1.5寸；或百会穴直后1.5寸。","头痛，眩晕，癫狂痫。","平刺0.5～0.8寸。","在浅筋膜、帽状腱膜中；有左右枕动、静脉吻合网；布有枕大神经分支。"
"329","后发际正中直上7寸；或当头部正中线与两耳尖连线的交点处。","①中风，痴呆，癫狂痫，癔病，瘈疭；②头风，头痛，眩晕，耳鸣；③惊悸，失眠，健忘；④脱肛，阴挺，腹泻。","平刺0.5～0.8寸；升阳举陷可用灸法。","在帽状腱膜中；有左右颞浅动、静脉及左右枕动、静脉吻合网；布有枕大神经及额神经分支。"
"330","百会穴前1.5寸；或额前部发际正中直上3.5寸处。","中风，头痛，眩晕，鼻渊，癫痫。","平刺0.5～0.8寸。","在帽状腱膜中；有左右颞浅动、静脉吻合网；布有额神经分支及枕大神经分支。"
"331","前顶穴前1.5寸；或额前部发际正中直上2寸。","头痛，眩晕，鼻渊，癫痫。","平刺0.5～0.8寸。小儿前囟未闭者禁针。","在帽状腱膜中；有左右颞浅动、静脉吻合网；布有额神经分支。"
"332","囟会穴前1寸；或额前部发际正中直上1寸。","①头痛，目痛，鼻渊，鼻衄；②热病，疟疾；③癫狂。","平刺0.5～0.8寸。","在左右额肌交界处；有额动、静脉分支，颞浅动、静脉分支；布有额神经分支。"
"333","额前部发际正中直上0.5寸。","①癫狂痫，中风；②头痛，目眩，失眠，惊悸；③目赤，目翳，鼻渊，鼻衄。","平刺0.5～0.8寸。","在左右额肌交界处；有额动、静脉分支；布有额神经分支。"
"334","null","null","null","null"
"335","鼻尖正中。","①昏迷，惊厥，新生儿窒息；②鼻渊，鼻衄，喘息。","向上斜刺0.3～0.5寸；或点刺出血。为急救要穴之一。","在鼻尖软骨中；有面动、静脉鼻背支；布有筛前神经鼻外支（眼神经分支）。"
"336","在人中沟的上1／3与下2／3交界处。","①昏迷，晕厥，中风，中暑，癔病，癫狂痫，急慢惊风；②鼻塞，鼻衄，面肿，口歪，齿痛，牙关紧闭；③闪挫腰痛。","向上斜刺0.3～0.5寸，强刺激；或指甲掐按。为急救要穴之一。","在口轮匝肌中；有上唇动、静脉；布有眶下神经支及面神经颊支。"
"337","上唇正中的尖端，红唇与皮肤交接处。","①昏迷，晕厥，癫狂，癔病；②口歪，口噤，口臭，齿痛；③消渴嗜饮。","向上斜刺0.2～0.3寸。","在口轮匝肌中；有上唇动、静脉；布有眶下神经支及面神经颊支。"
"338","上唇系带与齿龈连接处。","①口歪，口噤，口臭，齿衄，齿痛，鼻衄，面赤颊肿；②癫狂，项强。","向上斜刺0.2～0.3寸；或点刺出血。","有上唇系带；有上唇动、静脉；布有上颌内槽神经分支。"
"339","男性在阴囊根部与肛门连线的中点处；女性在大阴唇后联合与肛门连线的中点处。","①溺水窒息，昏迷，癫狂痫；②小便不利，遗尿，阴痛，阴痒，脱肛，阴挺，痔疮；③遗精，月经不调。","直刺0.5～1寸；孕妇慎用。","在海绵体的中央；有会阴浅、深横肌；有会阴动、静脉分支；布有会阴神经的分支。"
"340","前正中线上，脐下5寸，当耻骨联合上缘中点处。","①少腹胀满，小便淋漓，遗尿；②阳痿，阴囊湿痒；③月经不调，痛经，赤白带下。","直刺1～1.5寸；孕妇慎用。","在腹白线上；有腹壁下动脉及闭孔动脉的分支；布有髂腹下神经的分支。"
"341","前正中线上，脐下4寸。","①遗尿，小便不利，癃闭；②遗精，阳痿，不育；③月经不调，崩漏，阴挺，阴痒，不孕，产后恶露不止，带下。","直刺1～1.5寸；孕妇慎用。","在腹白线上，内部为乙状结肠；有腹壁浅动、静脉分支和腹壁下动、静脉分支；布有髂腹下神经的前皮支。"
"342","前正中线上，脐下3寸。","①中风脱证，虚劳冷惫；②少腹疼痛，腹泻，痢疾，脱肛，疝气；③五淋，便血，尿血，尿闭，尿频；④遗精，阳痿，早泄，白浊；⑤月经不调，痛经，经闭，崩漏，带下，阴挺，恶露不尽，胞衣不下。","直刺1～1.5寸；多用灸法。孕妇慎用。","在腹白线上，深部为小肠；有腹壁浅动、静脉分支和腹壁下动、静脉分支；布有第十二肋间神经前皮支的内侧支。"
"343","前正中线上，脐下2寸。","①腹胀，腹泻，痢疾，绕脐疼痛；②奔豚，疝气，水肿，小便不利；③遗精，阳痿；④经闭，带下，崩漏，产后恶露不止。","直刺1～1.5寸；孕妇慎用。","在腹白线上，深部为小肠；有腹壁浅动、静脉分支和腹壁下动、静脉分支；布有第十一肋间神经前皮支的内侧支。"
"344","前正中线上，脐下1.5寸。","①虚脱，形体羸瘦，脏气衰惫，乏力；②水谷不化，绕脐疼痛，腹泻，痢疾，便秘；③小便不利，遗尿；④遗精，阳痿，疝气；⑤月经不调，痛经，经闭，崩漏，带下，阴挺，产后恶露不止，胞衣不下；⑥水肿，气喘。","直刺1～1.5寸；多用灸法。孕妇慎用。","在腹白线上，深部为小肠；有腹壁浅动、静脉分支和腹壁下动、静脉分支；布有第十一肋间神经前皮支的内侧支。"
"345","前正中线上，脐下1寸。","①腹痛，水肿，疝气，小便不利；②月经不调，崩漏，带下。","直刺1～1.5寸。孕妇慎用。","在腹白线上，深部为小肠；有腹壁浅动、静脉分支和腹壁下动、静脉分支；布有第十肋间神经前皮支的内侧支。"
"346","脐窝中央。","①阳气暴脱，形寒神惫，尸厥，风痫；②腹痛，腹胀，腹泻，痢疾，便秘，脱肛；③水肿，鼓胀，小便不利。","一般不针，多用艾炷隔盐灸法。","在脐窝正中，深部为小肠；有腹壁下动、静脉；布有第十肋间神经前皮支的内侧支。"
"347","前正中线上，脐上1寸。","①水肿，小便不利；②腹痛，腹泻，胃反吐食。","直刺1～1.5寸；水病多用灸法。","在腹白线上，深部为小肠；有腹壁下动、静脉；布有第八、九肋间神经前皮支的内侧支。"
"348","前正中线上，脐上2寸。","①腹痛，腹胀，腹泻，呕吐，食谷不化；②小儿疳疾，痞块。","直刺1～1.5寸。","在腹白线上，深部为横结肠；有腹壁上、下动、静脉交界处的分支；布有第八肋间神经前皮支的内侧支。"
"349","前正中线上，脐上3寸。","①胃痛，呕吐，食欲不振；②腹胀，腹痛；③水肿。","直刺1～1.5寸。","在腹白线上，深部为横结肠；有腹壁上、下动、静脉交界处的分支；布有第八肋间神经前皮支的内侧支"
"350","前正中线上，脐上4寸；或脐与胸剑联合连线的中点处。","①胃痛，腹胀，纳呆，呕吐，吞酸，呃逆，疳疾，黄疸；②癫狂痫，脏燥，尸厥，失眠，惊悸，哮喘。","直刺1～1.5寸。","在腹白线上，深部为胃幽门部；有腹壁上动、静脉；布有第七、八肋间神经前皮支的内侧支。"
"351","前正中线上，脐上5寸。","①胃痛，呕吐，呃逆，腹胀；②癫痫。","直刺1～1.5寸。","在腹白线上，深部为肝下缘及胃幽门部；有腹壁上动、静脉分支；布有第七肋间神经前皮支的内侧支。"
"352","前正中线上，脐上6寸；或胸剑联合下2寸。","①癫狂痫；②胸痛，心悸；③呕吐，吞酸。","向下斜刺0.5～1寸；不可深刺，以免伤及肝脏。","在腹白线上，深部为肝脏；有腹壁上动、静脉分支；布有第七肋间神经前皮支的内侧支。"
"353","前正中线上，脐上7寸；或剑突下，胸剑联合下1寸。","①癫狂痫；②胸满，咳喘；③皮肤痛或瘙痒。","向下斜刺0.5～1寸。","在腹白线上，腹直肌起始部，深部为肝脏；有腹壁上动、静脉分支；布有第六肋间神经前皮支的内侧支。"
"354","胸剑联合的中点处。","①胸腹胀满，噎嗝，呕吐；②心痛，梅核气。","平刺0.3～0.5寸。","在胸剑联合上；有胸廓内动、静脉的前穿支；布有第五肋间神经前皮支的内侧支。"
"355","前正中线上，平第四肋间隙；或两乳头连线与前正中线的交点处。","①咳嗽，气喘，胸闷，心痛，噎嗝，呃逆；②产后乳少，乳痈。","平刺0.3～0.5寸。","在胸骨体上；有胸廓内动、静脉的前穿支；布有第四肋间神经前皮支的内侧支。"
"356","前正中线上，平第三肋间隙。","①咳嗽，气喘，胸闷，胸痛，乳房胀痛；②喉痹，咽肿。","平刺0.3～0.5寸。","在胸骨体中点；有胸廓内动、静脉的前穿支；布有第三肋间神经前皮支的内侧支。"
"357","前正中线上，平第二肋间隙。","咳嗽，气喘，胸痛。","平刺0.3～0.5寸。","在胸骨体上；有胸廓内动、静脉的前穿支；布有第二肋间神经前皮支的内侧支。"
"358","前正中线上，胸骨角的中点处，平第一肋间隙。","咳嗽，气喘，胸痛，喉痹。","平刺0.3～0.5寸。","在胸骨角上；有胸廓内动、静脉的前穿支；布有第一肋间神经前皮支的内侧支。"
"359","前正中线上，胸骨柄的中央处。","咳嗽，气喘，胸痛，咽喉肿痛。","平刺0.3～0.5寸。","在胸骨柄上；有胸廓内动、静脉的前穿支；布有胸锁上神经前支及第一肋间神经前皮支的内侧支。"
"360","胸骨上窝正中。","①咳嗽，哮喘，胸痛，咽喉肿痛；②暴瘖，瘿气，梅核气，噎嗝。","先直刺0.2～0.3寸，然后将针尖向下，紧靠胸骨柄后方刺入1～1.5寸。必须严格掌握针刺的角度和深度，以防刺伤肺和有关动、静脉。","在胸骨切迹中央，左右胸锁乳突肌之间，深层为胸骨舌骨肌和胸骨甲状肌；皮下有颈静脉弓，甲状腺下动脉分支，深部为气管，向下胸骨柄后方为无名静脉及主动脉弓；布有锁骨上神经前支。"
"361","微仰头，在喉结上方，当舌骨体上缘的中点处。","①舌强不语，暴瘖，喉痹，吞咽困难；②舌缓流涎，舌下肿痛，口舌生疮。","向舌根斜刺0.5～0.8寸。","在舌骨上方，左右颏舌骨肌之间，深部为会厌，下方为喉门，有甲状舌骨肌、舌肌；有颈前浅静脉，甲状腺上动、静脉；布有颈皮神经的分支，深层为舌根，有舌下神经及舌咽神经的分支。"
"362","颏唇沟的正中凹陷处。","①口歪，齿龈肿痛，流涎；②暴瘖，癫狂。","斜刺0.3～0.5寸。","在口轮匝肌和颏肌之间；有下唇动、静脉分支；布有面神经的下颌支及颏神经分支。"
"363","位於头顶正中，百会穴前后左右各相去一寸处，共计四穴。","头痛，眩晕，癲狂，癇症，失眠，健忘，中风，震颤麻痹，脑炎后遗症，內耳眩晕症。","向百会穴方向斜刺或平刺0.3～0.8寸。可灸。","在帽状腱膜中，有枕动、静脉，顳浅动、静脉顶支和眶上动、静脉吻合网；布有枕神经、耳顳神经及眶上神经分支。"
"364","在前头部，当瞳孔直上，前髮际上1寸。","风眩，眼痛，鼻塞，感冒，头痛，目赤肿及其他眼疾，眩晕，卒不识人。","针0.2～0.3寸，得气时局部有发胀感觉。灸三壮。","在帽状腱膜中；有额动、静脉外侧支、顳浅动、静脉额支；布有额神经內、外侧支会合支。"
"365","在额部，当两眉头之中间。","前额痛，眩晕，鼻炎，鼻衄，感冒发热，高血压，失眠，呕吐，產后血晕不语，子癇，小儿惊厥。","斜刺或横刺，向下或向左右透刺0.5～1寸，得气时局部酸胀。若透至山根穴，则鼻部有酸胀感；或三棱针点刺出血。","在降眉间肌；两侧有额內侧动、静脉分支；布有滑车神经及面神经分支。"
"366","在额部，瞳孔直上，眉毛中。","结膜炎，眼瞼缘炎，眼肌麻痹，眼瞼下垂，目赤肿痛，面神经麻痹，近视，三叉神经（第一支）痛，眶上神经痛，眼瞼瞤动，室上性阵发性心动过速。","横刺0.5～1寸，治疗眶上神经痛时，可沿皮向两旁刺入，透至攒竹或丝竹空穴。禁灸。","在眼轮匝肌中；布有额动、静脉外侧支及眶上神经、面神经的分支。"
"367","在顳部，当眉梢与目外眥之间，向后约一横指的凹陷处。","偏正头痛，高血压头痛，血管性头痛，急性结膜炎，电光性眼炎，眼底出血，青光眼，青少年近视眼，麦粒肿，中心性视网膜炎，眩晕，感冒、面神经麻痹，三叉神经痛，目疾，牙痛。","斜刺或横刺1～2寸；或三棱针点刺出血。禁灸。","在顳筋膜及顳肌中；布有顳浅动、静脉及三叉神经第二、三支分支，面神经顳支。"
"368","在耳廓的上方，当折耳向前，耳廓上方的尖端处。","眼生翳膜，疔疮，眼红肿，麦粒肿，喉痹，偏正头痛，流行性腮腺炎，失眠，急性腰扭伤。","直刺0.1～0.2寸，或用三棱针点刺出血。","为耳廓软骨，布有耳后动、静脉及耳顳神经。"
"369","在面部，当眶下缘外四分之一与內四分之三交界处。取穴时患者正坐仰靠，轻轻闭眼。","视神经炎，视神经萎缩，近视，青光眼，视网膜动，静脉阻塞，视网膜色素变性，中心性浆液性视网膜炎，色觉异常。","沿眶下缘进针，从外下向內上，朝视神经孔方向缓慢直刺1.5～2寸。当深刺遇阻力时，应稍退几分，改换方向再刺，以免引起出血或眼球损伤，得气时眼部有酸胀感或有眼球突出感。禁灸。","下瞼板下方；眼轮匝肌中，浅层有面动、静脉；布有面神经颧支和眶下神经，深层有眼神经，眶尖处有结状神经节和视神经。"
"370","在面部，当鼻翼软骨与鼻甲的交界处，近鼻唇沟上端处。","鼻炎鼻塞，鼻部癤疮，过敏性鼻炎，肥大性鼻炎，萎缩性鼻炎，鼻旁窦炎。","向內上方斜刺0.3～0.6寸。","在上唇方肌中，布有面动、静脉的分支及筛前神经、眶下神经分支和滑车下神经。"
"371","在鼻孔內，当鼻翼软骨与鼻甲界的粘膜处。","中恶，目热暴痛，卒死，喉闭，鼻疾。","三棱针刺出血，但素有出血体质的人禁用。不灸。","在鼻腔底部粘膜上；有面动、静脉的鼻背支；布有筛前神经的鼻外支。"
"372","在口腔內，当舌背正中缝的中点处。","哮喘，消渴，舌肌麻痹，吐舌，中风舌强不语。","向舌根方向斜刺0.2～0.5寸，捻转行针；或用三棱针点刺出血。","在舌肌中；有舌动、静脉的动、静脉网；布有舌神经、舌下神经和面神经鼓索的神经纤维。"
"373","在口腔內，当舌下系带中点处。","消渴，呃逆，热极难言，重舌肿胀。","直刺0.2～0.5寸，或三棱针点刺出血。","在舌肌中；有舌下动、静脉；布有舌下神经、舌神经。"
"374","在口腔內，当舌下系带左右两侧的静脉上，左为金津，右为玉液。","重舌肿胀，难言，黄疸，消渴，口舌生疮，喉咽诸热，呕吐，口腔溃疡，急腹痛，中风后遗症，顽固性呕吐。","用三棱针点刺出血。","在頦舌肌及基突舌肌中；有舌静脉及舌下神经和舌神经。"
"375","在项部，当翳风后1寸。","近视，远视，早期白內障，夜盲，色盲，中心性视网膜炎，视神经萎缩，耳鸣，眩晕，头痛，失眠，腮腺炎，精神分裂症。","直刺或向鼻尖方向刺1～1.5寸。","在胸锁乳突肌止点处；有耳后动、静脉；布有耳大神经和枕小神经。"
"376","在项部，当大椎直上2寸，后正中线旁开1寸。","瘰癧，落枕，咳嗽，气喘，百日咳，项背风湿疼痛，骨蒸潮热，盗汗，失眠，鼻衄，过敏性鼻炎。","直刺或斜刺0.5～1寸。可灸。","有斜方肌、头夹肌；有枕动、静脉和椎动、静脉；布有枕大神经、枕小神经分支。"
"377","在耳垂前方0.5寸。","面神经麻痹，面肌痉挛，腮腺炎，口腔溃疡，下牙痛。","向鼻翼方向斜刺0.5～0.8寸。可灸。","在咬肌中，皮下有腮腺；有咬肌动、静脉分支；布有耳大神经分支、面神经颊支、咬肌神经。"
"378","位於承浆穴旁开约一寸处，当下頜骨之頦孔中，仰面取之。","三叉神经痛，牙痛，面颊浮肿，齿齦溃烂，面神经麻痹，面肌痉挛，黄疸。","直刺0.1～0.2寸。","在口轮匝肌及下唇方肌中，当下頜骨頦孔处，有頦动脉，頦下动、静脉分支及三叉神经第三分支（頦神经）"
"379","位於眶上缘之下方，有二点，当攒竹与鱼腰穴之间中点为正光1；当丝竹空与鱼腰穴之中点为正光2。","屈光不正，斜视，呃逆。","用梅花针叩刺。","有眼轮匝肌，有额动、静脉，眶上动脉；布有眶上神经、面神经分支。"
"380","位於眶上缘下方，从眉弓中点划一垂直线与上缘之交点的下方。左右计二穴。","屈光不正，白內障，青光眼，色盲，视神经萎缩，","沿眶上缘向眶尖刺1～1.5寸。","在眼轮匝肌、上瞼提肌、上直肌和上斜肌中；有眶上动、静脉；布有眶上神经和额神经的分支。"
"381","位於眼外眥角上三分，眶上缘內方。","屈光不正，角膜白斑，视神经萎缩。","固定眼球，从眶上缘沿眶外侧壁向內后方刺一至一寸五分。","在眼轮匝肌、泪腺下內方组织中，內侧有外直肌；浅层有顳浅动、静脉.布有面神经顳支和眶上神经分支。深层有泪腺动静脉，布有泪腺神经。"
"382","在廉泉上一寸，当下頜下缘与任脉廉泉穴之间的凹陷中。","舌强，失语，流涎，咽喉疼痛，口腔溃疡。","向舌根方向斜刺0.5～0.8寸。","在下頜舌骨肌、舌骨肌及舌肌中；有舌动静脉，布有颈皮神经、面神经颈支和舌下神经。"
"383","位於耳后，在翳风与风池穴联线的中点。当项部肌肉隆起外缘的凹陷，与胸锁乳肌停止部乳突下凹陷连线之中点取穴。","失眠，烦躁不安，心悸，精神分裂症，头痛，癲癇，眼病，耳聋，夜游症，脑性瘫痪。","直刺0.5～2寸，针感抽、麻至肩。灸3～5壮。","在胸锁乳突肌停止部；有颈外侧动、静脉分支，枕动脉；布有耳大神经的分支及枕小神经。"
"385","位於第三、四颈椎之间，旁开正中线1.5寸。取穴时，患者正坐或俯伏，「风池」穴直下，项后髮际下1.5寸。","头项痛，角弓反张，咽喉疼痛，肩背酸痛，颈椎病，落枕，肩周炎。","直刺0.3～1寸。","在斜方肌的外缘，有颈横动脉分支，布有第四颈神经的后支。"
"386","位於颈部，下頜角直下五分处。","急、慢性喉炎，咽炎，扁桃体炎，声音嘶哑。","针尖向上斜刺1～2寸，使针感至喉部或颈部。","在颈阔肌、下頜下腺中，沿胸锁乳突肌前缘，经茎突舌骨肌、二腹肌，到达舌骨舌肌。浅层有面动、静脉；布有面神经下頜支、颈支、颈前皮神经。深层有舌动脉；布有舌下神经。"
"387","在锁骨上窝中央至锁骨內侧端之中点。取穴时，患者仰臥头转向对侧，胸锁乳突肌之锁骨头外缘，当锁骨上一寸取穴。","颈椎病，肩臂风湿麻木，臂丛神经痛，尺橈神经麻痹，肩周炎，肋间神经痛。","直刺0.3～0.8寸，以酸麻及触电样感应由臂放散至手指为准。进针方向宜平直，可稍向后偏，切忌向下斜刺，也不宜深刺，以免伤及肺尖。","有胸锁乳突肌；颈外侧动、静脉之分支；有臂丛神经。"
"388","在颈部后正中线上，第六、第七颈椎棘突之间。","癲癇，感冒，咳嗽，疟疾，呃逆，颈椎病。","直刺0.3～1寸；可灸。","有棘上韧带及棘间韧带；有棘突间皮下静脉丛；布有第七颈神经后支及第一脑神经后支之內侧支"
"389","在口腔前庭部，下唇粘膜上，与齿齦接近之唇沟中取穴","口臭，面颊肿，黄疸，肝病，齿齦炎，口腔炎，眩晕。","用三稜针点刺出血。","在口轮匝肌中；有頦动、静脉和神经；布有三叉神经下頜支分支。"
"390","正坐正靠，张口，于口角向后一寸的口腔內颊粘膜上取穴，与口角平。","齿龋溃烂，口疳，口眼歪斜，黄疸。","向后斜刺0.3～0.5分，针感为局部胀痛；或点刺出血。","在颊肌、口轮匝肌中；有面动、静脉；布有颊神经的末支、眶下神经及面神经分支。"
"391","位於顳部耳壳內侧面根部，前与耳屏间切跡相平。将耳廓牵引向前，耳廓根部出现弦筋是穴。","小儿惊癇，耳聋，耳鸣，中耳炎。","针2分，局部胀痛。可灸。","在耳后肌中；有耳后动、静脉；布有耳大神经、枕小神经及面神经耳支。"
"392","位於头额部，前髮际直对眼外眥处，或前髮际正中点两侧各三寸处取之，左右各一穴","头晕，目眩，偏头痛，头风，颧骨疔，鼻衄。","平刺0.3～0.5寸，得气时局部胀痛。可灸。","在顳肌上缘、帽状腱膜中；有顳浅动、静脉额支；布有耳顳神经支、上頜神经、颧顳神经及面神经顳支。"
"393","在第六与第七颈椎棘突之间旁开2寸。","高血压、低血压。","直刺0.4～0.8寸。","在斜方肌、菱形肌、头最长肌、夹肌处；有颈横动脉及颈深动脉分支；布有第七颈神经后支。"
"394","位於鼻骨最高处微上陷中在两目內眥连线之中点取穴。","癲疾，角弓反张，面如虫行，多睡，健忘，口禁，黄疸。","沿皮刺0.3～0.5寸；可灸。","在鼻骨基底的上方鼻骨间缝中，降眉间肌，布有面动、静脉分支，滑车上神经皮面神经分支。"
"395","位於口腔前庭，上唇之內侧，上唇系带中央，将上唇翻起取之。","小儿惊癇，癲狂，神识错乱，妄言妄语，卒中风。","1、针0.1～0.2寸。2、视其弦上有青息肉，如黍米大，以针决去之。可灸。","在口；轮匝肌中；有上唇动、静脉；布有三叉神经上頜支分支。"
"396","位於上齶，缝际前端，当齿齦上缘中点处，开口取之。","黄疸等。","斜刺0.1～0.2寸；或点刺出血。","在上齶缝际前端，布有上頜动、静脉分支及三叉神经之上頜支。"
"397","位於面部口角之外方赤白肉际处，皮肤与口粘膜移行部，近地仓穴。","狂乱骂詈，小儿痉摩，小儿大小便不通，面神经麻痹，三叉神经痛。","针1～3分，得气时局部有痛麻感觉。可灸。","在口轮匝肌內缘中，深层为平面肌；有面神经颊支、眶下神经分支，深层为颊神经的末支。"
"398","在眼外眥处方约1分处取之，左右共计2穴。","一切目疾，面肌痉挛，面神经麻痹，齿齦炎，头眩，偏正头痛。","针2～5分。得气时局部有酸胀感。宜浅针不灸。","有眼轮匝肌，深层为顳肌；当颧眶动、静脉分佈处；布有颧顳神经、颧面神经和面神经的额顳支。"
"399","在下頜部，頦之正中向前突出之高点处取穴。","面部诸疔，牙痛，下齿痛。","直刺2分。局部有酸胀感。","在頦肌中；有下唇动、布有面神经及頦神经分支。"
"400","耳垂后，下頜骨与乳突之间凹陷下0.2寸。","牙痛，扁桃体炎，针麻用穴。","斜刺0.3～0.5寸。","耳大神经，深层有面神经干。"
"401","在下腹部，当脐中下4寸，中极旁开3寸。","子宫脱垂，月经不调，痛经，崩漏，不孕，肠疝痛。","直刺或向耻骨联合处横刺1.5～2.5寸。","在腹內、外斜肌中；有腹壁浅动静脉；布有髂腹下神经。"
"402","位於脐上四寸，再旁开四寸，肋弓下缘。即中脘穴旁开四寸处。","胃下垂，消化不良。","向脐旁二寸处斜刺3～4寸。","在腹外斜肌、腹內斜肌及腹横肌中；有腹壁浅静脉；布有第八、九、十肋间神经皮支。"
"403","仰臥，于腹上部正中线，脐上四寸，旁开三寸。即中脘穴左右各旁开三寸取穴。","妇人腹中血块，食慾减退，消化不良，急性胃炎，胃痉挛。","直刺0.5～0.7寸，局部有沉胀感。可灸五壮。","在腹內外斜肌及腹横肌肌部；布有第八肋间动、静脉及肋间神经。"
"404","位於脐上二寸（下脘穴）旁开四寸，仰臥取之。","胃下垂，胃胀，胃痛。","向脐中或天枢穴方向斜刺2～3寸。可灸。","在腹外斜肌、腹內斜肌及腹横肌处；有腹壁浅静脉；布有第九、十肋间神经外侧支。"
"405","以患者两口角之长度，作三折成一等边三角形，以一角按脐心，两角在脐下两旁尽处点记。","疝气，绕脐腹痛，奔豚气。","一般用灸法，艾炷灸三至五壮，或悬灸五至十分钟，使穴位局部潮红。","在腹直肌中；有腹壁下动、静脉肌支，布有第十肋间神经。"
"406","在腹部前正中线上，脐下2.5寸。","癃闭，淋沥，血尿，少腹胀痛，泄泻，痢疾。","直刺0.8～1.2寸；可灸。","在腹白线上，深部为小肠；有腹浅动、静脉分支及下动、静脉分支；布有第十二肋间神经前皮支的內侧支。"
"407","位於腹中部，在脐中（神阙）及脐中上下左右各相去一寸，共计五处，仰臥取之。","肠鸣泄泻、脐腹痛、水肿、小儿惊癇、角弓反张。","直刺0.3～0.8寸，神阙不刺；灸三至七壮。","脐中上下为腹白线，深部为小肠；有腹壁浅动、静脉分支、腹壁下动静脉分支，布有第八、九、十肋间神经前皮支的內侧支。左右两侧为腹內外斜肌腱膜、腹横肌腱膜及腹直肌；有腹壁下动、静脉的肌支；布有第十肋间神经。"
"408","在脐下三寸，再外开三寸处。即关元穴旁三寸。","小便不利，子宫出血，不孕，漏胎下血，少腹痛。","直刺0.5～1寸，可灸。","在腹直肌与腹外斜肌、腹內斜肌之间；有腹壁浅动、静脉、腹壁下动、静脉；布有第十二肋间神经及其前皮支。"
"409","在脐下三寸，再外开四寸。即关元穴旁开四寸。","子宫脱垂，下腹痛，疝气，痛经，腹胀。","直刺1～1.5寸。","有腹內、外斜肌及腹横肌中；布有腹壁浅静静脉、旋骼浅动、静脉、腹壁下动静脉支；布有骼腹下神经及其皮支。"
"410","位於胸部，在左右乳头直下二寸处取穴。","心痛，胁痛，肋间神经痛，胸膜炎，乳腺炎。","灸五十壮。","在第五肋上缘，有肋间肌；有肋间动、静脉；布有第五、六肋间神经。"
"411","位於腹部，在前正中线胸骨下缘与脐之连线中点处一穴；中线向两侧旁开五分之线上，胸骨下缘下三寸五分处二穴；脐上三寸五分处二穴，共计五穴。","胸痛，胃脘痛，食慾不振，胃扩张，急慢性胃炎，消化不良。","针刺0.3～0.5寸。","在腹白线与腹直肌上，深部为胃幽门部；有腹壁上动、静脉；布有第七、八肋间神经前皮支的內侧支。"
"412","取一绳，从乳头量至脐中点，截去一半，绳端置乳头上，一端向下直量，尽处是穴，仰臥取之，左右计二穴。","腹中积块疼痛，萎黄病，病后极度衰弱。","一般用灸法，可灸3～7壮，或隨年壮。","在第八肋胸骨端，左边下有肝臟，右侧下有胃体；有肋间动、静脉；布有七、八和八、九肋间神经前皮支。"
"413","在腹部，脐下1.5寸，左右旁开1.5寸，即气海旁一寸半。","妇人血弱气喘，腹痛肠鸣。","直刺2.5寸，局部沉胀。可灸50壮。","在腹直肌及其鞘处；有十一肋间动、静脉分支，外侧为腹壁下动、静脉；布有第十一肋间神经。"
"414","仰臥，在腹中部，平脐，左右旁开各2.5寸处取之，计2穴。","不嗜食，水肿，下痢，肾炎，慢性肠胃病。","直刺0.5～0.8寸，局部有沉胀感。艾灸3～50壮.","在腹直肌及其鞘中；有第十肋间动、静脉上支及腹壁下动、静脉；布有第十肋间神经分支。"
"415","在腹下部正中线上，脐下2.3寸处。","此穴可以绝孕，并可治疗小儿深秋冷痢不止。","灸3～49壮。","在腹白线上，深部为小肠；有腹壁浅动、静脉分支，腹壁下动、静脉分支；布有第十一肋间神经前皮支的內侧支。"
"416","在中极旁开2.5寸处取之，左右计2穴。","月经不调，赤白带下，阴茎痛，便秘，睪丸炎，卵巢炎。","直刺0.5～0.8寸，局部有沉胀感，并可向前阴部传导。","在腹直肌外缘，腹內斜肌、腹横肌腱膜；外侧有腹壁下动、静脉；布有髂腹下神经。"
"417","位於小腹部，脐下1.5寸，左右旁开各3寸，即气海穴两旁各开三寸处。","月经不调，赤白带下，五淋，大小便不通，腹膜炎，肠炎。","直刺0.5～0.7寸，局部有沉胀感，可向下放散。可灸3～5壮。","在腹內、外斜肌及腹横肌；布有第十肋间动、静脉和肋间神经。"
"418","位於腹股沟部，耻骨联合上缘旁开三寸，即曲骨穴旁开三寸。","偏坠，睪丸炎等。","直刺0.3～1寸。艾炷灸3～5壮；艾条灸5～10分钟。","在腹股沟韧带中点，腹內斜肌下部，有腹外斜肌腱膜；內侧为股动、静脉；正当股神经通过处。"
"419","位於胸侧部，从左右乳头处侧旁开四寸之肋骨间是穴，与乳头相平，上臂后伸取之。左右计二穴。","腹痛，胸膜炎，肋间神经痛。","男左女右灸3～14壮。","在胸大肌外下部、胸小肌下部起端处，深层为第四肋间內、外肌；有胸腹壁静脉，胸外侧动、静脉分支；布有胸前神经肌支及第四肋间神经。"
"420","在胸侧部，腋前皱襞直下第三、四肋骨间，举臂取之，左右计二穴。","完穀不化，噁心呕吐，胸膜炎，胸肌痉挛、肌间神经痛。","直刺0.3～0.5寸，局部有酸胀感。灸3壮。","在胸大肌外下部、胸小肌下部起端处，深层为第四肌间內、外肌；有胸腹壁静脉，胸外侧动、静脉分支；布有胸前神经肌支及第四肌间神经。"
"421","在腋中线上，腋窝下1寸处。","腋下狐臭，噫噦，胸闷，胸膜炎，肋间神经痛。","直刺0.3寸。","在胸大肌的外下缘，深层为喙肱肌；外侧为腋动脉；布有尺神经、正中神经、前臂內侧皮神经及臂內侧皮神经。"
"422","在腋中线上，腋窝下2寸处，举臂取之。","胸胁支满，噫噦，喘逆，目黄等。","斜刺0.3～0.4寸。灸三壮。","在前锯肌和肋间內外肌中；有胸腹壁静脉，胸外侧动、静脉；布有第二肋间神经外侧皮神经。"
"423","位於侧部脐平线与腋中线交点处。","腹肌紧张。","斜刺向上方，沿肋弓下缘进针2～3寸。","针经皮肤、皮下组织崆迁腹外斜肌、腹內斜肌、腹横肌及腹横筋膜、结肠后结缔组织。浅层布有肋下神经外侧皮支和腹壁浅静脉；深层有第十一肋间神经、肋下神经和髂腹下神经分支。"
"424","患者平臥，上肢外展30度，于腋前皮肤与躯干平行之主横纹顶端。","上肢疼痛。","直刺1.5～3寸，针感麻窜，到手术或手部，使全臂酸胀、麻、沉重为好。","位於胸大肌束中，深部有臂丛神经以及腋动静脉。"
"425","在背部，当第7颈椎棘突下，旁开0.5寸。","哮喘，咳嗽，支气管炎，呼吸困难，蕁麻疹，落枕，项背部酸痛，上肢疼痛不举。","直刺或斜刺（针尖稍向脊柱）0.5～1寸。","在斜方肌、菱形肌、头夹肌、最长肌中；有颈横动脉和颈深动脉分支；布有第七、八颈神经后支。"
"427","在背部，当第8胸椎棘突下，旁开1.5寸。","胃痛，胰腺炎，胸胁痛，消渴，咳嗽，咽乾，","斜刺0.5～0.8寸，局部酸胀或治肋间传至前胸部。灸3～7壮。","在斜方肌下缘、背阔肌、最长肌中；有第八肋间动、静脉背侧支的內侧支；布第八胸神经后支內侧皮支，深层为第八胸神经后支外侧支。"
"428","在腰部，当第1腰椎棘突下，旁开3.5寸。","痞块，肝脾肿大，疝痛，腰痛，肠炎，咳逆。","直刺0.5～1寸。灸3～7壮。","在背阔肌、髂肋肌中；有第一腰动、静脉背侧支；布有第十二胸神经后支外侧支，深层为第一腰神经后支。"
"429","在腰部，当后正中线上，第三腰椎棘突下。","腰痛，腹痛，腹泻，小便不利，遗尿，肠疝痛，下肢疼痛。","直刺0.5～1寸，局部酸胀。可灸3～7壮。","在腰背筋膜、棘上韧带及棘间韧带中；有腰动脉后支、棘间皮下静脉丛；布有腰神经后支內侧支。"
"430","在腰部，当第四腰椎棘突下，旁开3寸。","腰痛，妇人血崩，脊柱肌痉挛。","直刺0.5～1寸，或横刺3寸；局部沉胀感。艾灸3～7壮。","当背阔肌、髂肋肌：有第二腰动、静脉背侧支：布有第十二胸神经后支外侧支，第一腰神经外侧支。"
"431","在腰部，当第四腰椎棘突下，旁开约3.5寸凹陷中。","虚弱羸瘦，肺结核，腰痛，妇科病，消渴，尿频。","直刺或横刺1.5～2.5寸。","在背阔肌、髂肋肌中；有第二腰动、静脉背侧支；布有第十二胸神经后支外侧支，第一腰神经外侧支。"
"432","在腰部，当后正中线上，第五腰椎棘突下。","腰骶痛，腿痛，痛经，崩漏，遗尿。","直刺1.5～2寸。","在腰背筋膜、棘上韧带及棘间韧带中；有腰动脉后支；布有腰神经后支內侧支、棘间皮下神经丛。"
"433","在骶部，当尾骨端直上二寸。","癲癇，头痛，失眠，便秘。","向上沿皮刺2～2.5寸。","在棘上韧带中；有第二、三骶动、静脉；布有第二、三骶神经后支。"
"434","位於骶部，第一骶背侧孔下2寸，正中线左右各旁开1.5寸处取之，左右计2穴。","腰背痛连胸，大小便难。","直刺0.5寸，局部发胀。艾灸3～7壮。","在臀大肌中；有骶外侧动、静脉后支的外侧支臀下动、静脉分支；布有第一、二、三骶神经后支外侧支，第五腰神经后支。"
"435","在背部后正中线上，第四胸椎棘突下陷处取穴。","胸膈胀满，心臟疾患，咳嗽，哮喘。","直刺0.3～0.5寸；可灸。","有棘上韧带及棘间韧带；为第四肋间动脉背侧支，棘间皮下静脉丛分佈处，布有第四肋间神经后支之內侧支。"
"436","位於背部中线，第十二胸椎棘突与第一腰椎棘突之间凹陷中取穴。","脱肛，小儿痢下赤白，小儿癲癇，消化不良，脊神经痛，胃痉挛，肠疝痛，慢性肠炎。","斜刺0.5～1寸，局部沉胀。可灸。","在腰背脊膜、棘上韧带中；有第十二肋间动脉后支、棘间皮下静脉丛；布有第十二肋间神经后支內侧支。"
"437","位於背部，第十、十一胸椎棘突中间旁开2.5寸。","胆病恐惧多惊，癔病。","斜刺0.3～0.5寸。灸3～7壮。","在背阔肌、最长肌和髂肋肌之间；有第十肋间动静脉背侧支的內侧支；布有第十胸神经后支內侧皮支，深层为第十胸神经后支外侧支。"
"438","位於骶后正中线上当第三骶椎棘突处取穴。","吐血，衄血，大便下血，妇人血崩及其他血病。","艾灸3～7壮。","在骶后韧带、腰背筋膜中；有骶中动、静脉后支，棘间静脉丛；布有尾神经分支。"
"439","位於背部正中线，第五胸椎棘突之上缘，计一穴。俯臥取之。","中风不语。","灸7壮。","穴在腹背筋膜、棘上韧带及棘间韧带中，上有第四肋间动脉后支、棘间皮下静脉丛，布有第四、五胸神经后支內侧支。"
"440","在肩胛骨冈下窝，肩胛骨外、上、下三角之中心点，左右计2穴。正坐垂臂或俯臥取之。","癲狂；肩关节周围炎。","针向上斜刺1～1.5寸，大拇指向前，食指向后，前捻。局部沉麻胀感向肩臂部放射。灸3壮。","在冈下窝中央冈下肌中；有旋肩胛动、静脉肌支；布有肩胛上神经。"
"441","据《外台秘要》，位於背部，取穴时，先以绳量取足大趾端经足跟至膕横纹长度，然后此绳一端从鼻尖沿头正中线向后量至脊背，尽端作点標记（非穴）；再从此点旁开经鼻柱底至口角端距离处，左右计2穴。","骨蒸潮热，五劳七伤，面黄肌瘦，饮食无味，咳嗽，遗精盗汗。","艾炷灸3～7壮。","在骶脊肌、斜方肌及菱形肌中；有第五¯六胸神经后支，布有第五或第六肋间动、静脉背侧支。"
"444","在骶部正中线。第二、三骶椎棘突之间点近上方取穴。","泄痢，便下脓血久不愈，难產，肠炎。","艾灸3～7壮，或50壮。","当棘上韧带处；有第二、三骶动、静脉；布有第二、三骶神经后支。"
"445","在臀裂下端，尾骨上1寸处及其左右旁开各1寸处取之，一排计3穴。","腰痛不能俯仰，腰卒痛，淋病，便秘，尿闭，痔疮；骶骨神经痛，肛门诸肌痉挛。","灸3～7壮。","在棘上韧带处；有骶尾间动、静脉后支，棘间静脉丛；布有尾神经分支。"
"446","俯臥，在第二、三腰椎棘突间旁开各1寸处取穴。","呕吐，泄泻腹痛，帛筋，霍乱。","直刺0.5～0.8寸；可灸。","同夹脊穴相应部位。"
"447","在肘后部，屈肘，当尺骨鹰嘴的尖端。","痈疽，瘰癧，疔疮，肠痈。","艾灸3～7壮。","有浅筋膜；肘关节动脉网；布有前臂背侧皮神经。"
"448","在前臂掌侧，腕横纹上四寸，橈侧腕屈肌腱的两侧，一侧二穴。","痔漏，下血，里急后重，或痒或疼，脱肛。","直刺0.5～0.8寸。","在指浅层肌中；有橈动、静脉和骨间掌侧动、静脉；布有前臂內侧皮神经、前臂外侧皮神经、正中神经和橈神经。"
"449","在腕背侧横纹中，当指总伸肌腱橈侧的凹陷中。","胸中气满，目中白翳，掌中热，胃气上逆，唾血，心腹中诸气痛。","直刺0.3～0.5寸。","在拇长伸肌腱与食指固有肌腱之间，腕背侧韧带中；有橈动脉腕背支、腕背静脉网；布有橈神经浅支。"
"450","在中指背，侧近侧指间关节的中点处。","牙痛，五噎反胃，吐食，吞酸，鼻血，食道痉挛，食慾减退，胃扩张，呃逆，白癜风。","灸3～5壮。","有指背动脉和神经。"
"451","在拇指背侧指间关节的中点处。","衄多不止，风眩烂眼，內障久痛，吐泻，目痛，目翳。","灸3～5壮。","有指背动、静脉；橈神经的指背神经。"
"452","在小指背侧近侧指间关节的中点处。","手节疼，目痛，眼疾及烂眩风眼，目赤肿痛，目翳，耳聋，喉痛，指关节痛。","灸3～5壮。","有指背动脉和神经。"
"453","伏掌取穴，有二点，一处在手背第二三掌骨间中点，第二指伸肌腱橈侧凹陷处；一处在手背第四、五掌骨间中点，第四指伸肌腱尺侧凹陷处。","晕厥，痰壅，气促，气攻，耳鸣，目眩，头痛，小儿急慢惊风，手背红肿疼痛，腕关节炎，急性腰扭伤。","直刺0.3～0.5寸。局部酸麻向上肢传导，边捻针边活动腰部。","在第二、四掌背侧骨间肌中；有手背静脉网和掌背动脉；布有掌背神经、指掌侧总神经、橈神经和尺神经支。"
"454","在手背侧，第二、三掌骨之间，掌指关节后0.5寸。","掌指麻痹，不能伸屈，消化不良，落枕。","直刺或斜刺，深0.5～1寸。","在骨间背侧肌中；有掌背劝脉、手背静脉网；布有橈神经分支。"
"455","在手背侧，微握拳，第一～五指间，指蹼缘后方赤白肉际处，左右共八穴。","头风牙痛，手臂红肿，手指麻木，头项强痛，咽痛，齿痛，目痛，烦热，毒蛇咬伤。","向上斜刺0.5～0.8寸。","在骨间肌中；有手背静脉网、掌背动脉；布有尺橈神经的手背支。"
"456","在第二～五指掌侧，近端指关节的中央，一侧四穴。","小儿疳积、消化不良、百日咳、肠虫症、腹泻。","点刺0.1～0.2寸。","入皮后有指纤维鞘、指滑液鞘、屈指深肌腱，深部为指关节腔；有指掌侧固有动、静脉分支；布有指掌侧固有神经。"
"457","在手十指尖端，距指甲游离缘0.1寸，左右共十穴。","高热神昏，中暑吐泻，扁桃腺炎，高血压，昏迷，晕厥，小儿惊厥，指端麻木。","直刺0.1～0.2寸。","有指掌侧固有动、静脉形成的动、静脉网；布有指掌侧固有神经。"
"458","垂肩，当腋前皱襞头与肩锁关节连线之中点取穴。","肩內侧痛，肩关节周围炎，偏瘫，麻痹。","直刺0.8～1.2寸；可灸。","在喙肱肌；有胸肩峰动、静脉，旋肱前、后动、静脉；布有锁骨上神经后支，深部为腋神经。"
"459","位於手背第二、四掌骨小头高点，左右计4穴。","手指拘挛，麻木，痛疼。","艾灸5壮。","有指背动、静脉；布有橈尺神经的手背支。"
"460","位於手背第三掌骨小头之高点处，取穴时握拳，掌心向下。","翳膜疼痛，小儿热毒气盛眼睛痛，白癜风，","艾灸3壮","有指背动、静脉；布有尺、橈神经的手背支。"
"461","位於手拇指橈侧缘，远近指节骨横纹橈侧端，左右计2穴。大指甲后约1寸，內侧横纹头，屈指取之。","五指不能伸屈，小儿雀目。","针1～2分。局部有痛麻感觉，有时感觉可达指尖。灸1～3壮。","null"
"462","位於手背部，大指与食指指蹼之间，将手握起，从第一掌骨小头高点至第二掌骨小头高点连线之中点处取之，左右计2穴。","心痛，肩痛，眩晕，失眠，盗汗头痛，烦热，唇紧，牙痛，扁桃体炎。","针4～6分。胀、麻感至指尖。艾灸5壮。","在骨部肌处；有手背静脉网，掌背动脉；布有橈神经的手背支。"
"463","位於拇指背侧，沿爪甲根中点向皮肤部1分处一穴，两侧爪甲角外约1分二穴，左右计6穴。","乳蛾，咽喉肿痛，闭塞，水粒不下，口颊炎，喉头炎，耳下腺炎，脑溢血，流行性感冒。","各穴用针点刺后，挤出少量血液。","拇指伸肌腱；有指掌侧固有动脉和指橈侧静脉所形成的动、静脉网。布有第一指背神经和前臂外侧皮神经的吻合支，正中神经的指掌侧固有神经的末梢网。"
"464","位於手腕部尺侧缘，尺骨茎突之高点处取之左右计2穴。","豌豆疮","艾灸三壮，男左女右。、","在尺侧腕屈肌腱尺侧，尺骨小头上；有尺动、静脉分支；布有前臂內侧皮神经、尺神经。"
"465","位於前臂远端橈侧，橈骨茎突上方之静脉处，腕横纹上2寸处取穴，左右计2穴。","手痹风邪，下牙痛，下牙疳，面颊痛。","艾灸3～7壮。禁针。","在橈侧腕屈肌腱与拇长展肌之间；有头静脉；布有橈神经浅支，前臂外侧皮神经。"
"466","位於上臂橈侧，肩峰与肘横纹橈侧端连线之中点处取穴，左右计2穴","头晕目眩，丹毒，失神，上臂痛，腹痛；腹膜炎。","针5分。痛麻感觉至肘。艾灸3～7壮。","在肱骨外侧，三角肌下端，肱三头肌外侧缘；有旋后动脉的分支、肱深动脉；布有前臂背侧皮神经，深层有橈神经本干。"
"467","天泉下2.5寸。","上肢瘫痪，抬臂困难，腕下垂。","直刺1～2寸。","针经皮肤、皮下组织，穿过肱二头肌，到达肱肌中。浅层布有臂內侧皮神经；深层有肌皮神经肌支和肱动、静脉分支。"
"468","肩峰前下方3.5寸，抬肩穴下2寸。","上肢瘫痪，小儿麻痹后遗症等疾病。","直刺0.6～1.5寸。","针经皮肤、皮下组织，到达三角肌深面。浅层布有锁骨上神经；深层有腋动、静脉分支及腋神经肌支。"
"469","肩峰前下方1.5寸。","上肢瘫痪等疾病。","直刺0.5～1.5寸。","针经皮肤、皮下组织，到达三角肌深面。浅层布有锁骨上神经；深层有腋神经肌支的旋肱前后动、静脉分佈。"
"470","尺泽下1寸。","甲状腺肿，上肢掌侧疾病。","直刺0.5～1.5寸。","针经皮肤、皮下组织，穿过肱橈肌及橈侧腕长伸肌，到达旋后肌中；浅层布有前臂外侧皮神经分支和头静脉属支；深层有橈神经浅支。"
"471","郄门穴上3寸。","咯血，衄血，心臟病症，乳腺炎，胸膜炎。","直刺0.6～1.5寸。","针经皮肤，皮下组织，穿过橈侧腕屈肌、指浅屈肌、指深屈肌，到达骨间膜上。浅层布有前臂內、外侧皮神经；深层有正中神经和骨间掌侧动、静脉。"
"472","在大腿前面下部，当梁丘两旁各1.5寸，一侧二穴。","腿痛妇人阴中痛，小腹绞痛，腹中寒。","直刺0.5寸。艾炷灸3～7壮；灸条灸5～10分钟。","在外侧肌中，有旋股外侧动脉降支和股外侧皮神经分支。"
"473","在膝上部，髕底的中点上方凹陷处。","两足瘫痪无力，鹤膝风，脚气，膝关节酸痛。","直刺0.5～0.8寸。","在股四头肌腱中；有膝关节动脉网；布有股神经前皮支及肌支。"
"474","屈膝，在大腿內侧，髕底內侧端三寸，即血海上一寸。","肾臟风疮，皮肤瘙痒，风疹块，下部生疮，蛔虫病。","直刺0.5～2.5寸。","在股內侧肌中；有股动、静脉；布有股神经前皮支，深层有股神经肌支。"
"475","屈膝，在髕韧带內侧凹陷处。","鹤膝风，疥癩，腿疼，中风，脚风，膝关节炎。","直刺0.5～1寸。温针灸。","在髕韧带內侧；有膝关节动、静脉网；浅层分佈有隐神经的髕下支，股外侧皮神经分支，深层有脛腓总神经分支。"
"476","屈膝，在髕韧带两侧凹陷处，在內侧的称內膝眼，在外侧的称外膝眼。","鹤膝风，疥癩，腿疼，中风，脚气，膝关节炎。","针5分。局部有酸胀感觉。艾灸3～5壮。","在髕骨韧带內外侧各一横指处；有膝关节动静脉网；浅层分佈有隐神经的髕下支、股外侧皮神经分支，深层有脛腓总神经分支。"
"477","在小腿外侧上部，当腓骨小头前下方凹陷处（阳陵泉）直下二寸。","急、慢性胆囊炎，胆结石症，胆道蛔虫症，胆绞痛，胃窦炎，下肢痿痹，胸胁痛。","直刺1～2寸。","在腓骨长肌、趾长伸肌处；有脛前动、静脉分支；布有腓肠外侧皮神经、腓浅神经。"
"478","在小腿前侧上部，当犊鼻下五寸，脛骨前缘旁开一横指。","急、慢性阑尾炎，胃脘疼痛，消化不良，下肢痿痹，足下垂。","直刺1.5～2.5寸。","在脛骨前肌、趾长伸肌中；有脛前动、静脉；布有腓肠外侧皮神经、腓深神经。"
"479","在足內侧面，內踝的凸起处。","脚內廉转筋，诸恶漏，小儿不语，霍乱转筋，牙痛，扁桃体炎。","斜刺或平刺0.5～1寸，局部酸困。艾灸5壮。","有小腿十字韧带；在脛骨前肌腱与趾长屈肌之间；其下有拇展肌。"
"480","在足外侧面，外踝的凸起处。","卒淋，脚气，脚外廉转筋，十趾拘挛，牙痛，牙痈，淋病，啵儿重舌，白虎历节风痛，扁桃体炎。","针刺出血。艾灸3～7壮。","有小腿十字韧带、腓骨长短肌腱；布有腓肠神经。"
"481","在足背侧，第一～五趾间，趾蹼缘后方赤白肉际处，一侧四穴，左右共八穴。","脚气，脚背红肿，疟疾，毒蛇咬伤，足趾青紫症，末梢神经炎。","向上斜刺0.5～0.8寸，或用三棱针点刺出血。","在跨骨间肌中；有趾背动、静脉；布有腓浅、深神经。"
"482","在足第二趾的跖侧远侧趾间关节的中点。","胃痛，泛酸，呕吐，小腹急痛，疝气，积聚，难產，胎衣不下。","直刺0.1～0.2寸。","在趾短、长屈肌腱中；有趾底动、静脉；布有足底內侧神经的趾足底固有神经。"
"483","在足十趾尖端，距趾甲游离缘0.1寸，左右共十穴。","脚气，中风昏迷，足趾麻木，脚背红肿，疼痛。","直刺0.1～0.2寸。","有足底內、外动脉的趾底固有动脉和足背动脉的趾背动脉。"
"484","位於臀部，当股骨大转子与骶管裂孔连线的內1/3折点。亦即环跳穴与腰俞连线的中点处。侧臥，屈上腿伸下腿取之，或用俯臥位取之。左右计2穴。","坐骨神经痛，腰、股、膝部痛。","针1～2寸。麻酸感觉至足。艾灸3～7壮。","在臀大肌、梨状肌下缘；內侧为臀下动、静脉；布有臀下皮神经、臀下神经、深部有坐骨神经。"
"485","髀关穴下2.5寸。","小儿麻痹后遣症，偏瘫等。","直刺1～2寸。","针经皮肤、皮下组织，穿过股直肌外侧，到达股中肌中。浅层布有股外侧皮神经的分支；深层有旋股外侧动、静脉和股神经分支。"
"486","臥位，阳陵泉后方，当腓骨小头后下缘处取穴。","膝腿酸痛，足下垂，足內翻。","直刺0.6～1.2寸；可灸。","在腓骨长肌与比目鱼肌上端；有膕动脉分支；布有腓总神经。"
"487","解溪穴上二横指，脛骨外缘。","嗜睡，脑炎后遗症，头晕，健忘，小儿麻痹后遣症，足下垂等。","直刺0.5～1寸。","针经皮肤、皮下组织，穿过脛骨前肌，到达拇长伸肌中。浅层布有腓浅神经分支；深层有腓深神经及脛前动、静脉。"
"488","位於膝外侧缘，在膕横纹上1寸处取之。","妇人阴中痛，小腹绞痛，腹中痛。","直刺0.5寸，艾炷灸3～7壮，艾条灸5～10分钟。","布有髂脛束、股外肌；膝上外侧动脉、静脉；皮下有股外侧皮神经末支。"
"489","位於足內踝下缘前后凹陷处。每侧二穴，左右计四穴。","月经过多，赤白带下，肠出血，尿闭。","直刺0.2～0.3寸。艾炷灸3～7壮；艾条灸5～15分钟。","一穴在內踝下缘，外展拇肌止点前方；另一穴在外展拇肌止点后方，布有脛后动脉、静脉；深部为脛神经本干。"
"490","于足后跟正中线赤白肉际处取穴，左右计2穴。","霍乱转筋，牙痛，牙槽风，惊悸癲狂，齿齦炎，齿槽脓疡。","针0.1～0.2寸，局部胀感。艾灸3～7壮。","有腓动、静脉的跟骨外侧支；布腓肠神经跟骨外侧支，布有小腿內侧皮神经及脛神经的跟骨神经。"
"491","位於足背，与第一、二跖骨间隙中点相平，拇长伸肌腱脛侧凹陷中。举足取之，左右计2穴。","疝气上冲，呼吸困难。","针0.2～0.3寸。酸胀感至趾尖。艾灸3壮。","在足拇长伸肌腱外缘；有足背静脉网、第一跖背侧动脉；布有腓深神经的跖背侧神经，深层为脛神经足底內侧神经。"
"492","举足，即足底第二、三跖趾关节前方凹陷处取穴，与內庭穴相对，左右计2穴。","五趾疼痛，癲癇，小儿搐搦。","直刺0.3～0.5寸，酸胀感觉至趾尖。艾灸3～5壮。","有跖腱膜；布有足底內侧神经及足底外侧动脉分支。"
"493","位中足拇趾背侧，趾节横纹之中点。","卒中恶闷热毒欲死，淋病，睪丸炎，肠疝痛，腰痛。","直刺0.1～0.2寸。艾炷灸3～5壮；艾条灸5～10分钟。","有足拇长伸肌腱、拇短伸肌腱；布有趾背动脉；趾背神经。"
"494","膕窝横纹中央直下9.5寸。","小儿麻痹后遗症。","直刺1～2寸。","针经皮肤、皮下组织，穿过小腿三头肌腱上份，到达拇长屈肌中。浅层布有腓肠神经和小隐静脉；深层有脛后动、静脉和脛神经分佈。"
"495","髕骨上缘中点直上4.5寸。","下肢瘫痪等病症。","直刺1～2寸。","针经皮肤、皮下组织，穿过股直肌，到达股中间肌中。浅层布有股神经前皮支；深层有股神经和股动脉的肌支。"
"496","內外踝高点连线与跟腱相交处。","小儿麻痹后遗症，足下垂。","直刺0.5～0.8寸。","针经皮肤、皮下组织，到达跟腱中。浅层布有腓肠神经分支；深面內侧有脛后动、静脉和脛神经。"
"497","委中穴直上2寸。","小儿麻痹后遣症，腿痛。","直刺2～3寸。","针经皮肤、皮下组织，到达半膜肌与股二头肌之间。浅层布有股后皮神经；深层有脛神经（或坐骨神经）和膕动、静脉。"
"498","承山穴內开一寸。","小儿麻痹后遗症，足外翻。","直刺2～3寸。","针经皮肤、皮下组织，穿过腓肠肌与比目鱼肌，到达趾长层肌中。浅层布有腓肠內侧皮神经；深层有脛后动脉和脛神经分支。"
"499","承山穴外开一寸。","小儿麻痹后遗症，足內翻。","直刺2¯3寸。","在腓肠肌与比目鱼肌中，深部趾长屈肌。浅层布有腓肠外侧皮神经；深层有脛神经和腓动脉后支。"
"500","小腿內侧，脛骨內髁与內踝高点线之中点，脛骨內缘后约一横指。","腹痛、下肢痛。","直刺。1～5寸。","在腓肠肌，比目鱼肌中，布有大隐静脉和隐神经。"
"501","位於小腿外侧，当腓骨小头与外踝高点联线中点。","腹痛，下肢痛。","直刺1～1.5寸。","在腓肠肌、比目鱼肌中；布有腓浅神经、腓肠外侧皮神经分支，和脛前动、静脉。"
