"pid","mid"
"1","1"
"2","1"
"3","1"
"4","1"
"5","1"
"6","1"
"7","1"
"8","1"
"9","1"
"10","1"
"11","1"
"12","2"
"13","2"
"14","2"
"15","2"
"16","2"
"17","2"
"18","2"
"19","2"
"20","2"
"21","2"
"22","2"
"23","2"
"24","2"
"25","2"
"26","2"
"27","2"
"28","2"
"29","2"
"30","2"
"31","2"
"32","3"
"33","3"
"34","3"
"35","3"
"36","3"
"37","3"
"38","3"
"39","3"
"40","3"
"41","3"
"42","3"
"43","3"
"44","3"
"45","3"
"46","3"
"47","3"
"48","3"
"49","3"
"50","3"
"51","3"
"52","3"
"53","3"
"54","3"
"55","3"
"56","3"
"57","3"
"58","3"
"59","3"
"60","3"
"61","3"
"62","3"
"63","3"
"64","3"
"65","3"
"66","3"
"67","3"
"68","3"
"69","3"
"70","3"
"71","3"
"72","3"
"73","3"
"74","3"
"75","3"
"76","3"
"77","4"
"78","4"
"79","4"
"80","4"
"81","4"
"82","4"
"83","4"
"84","4"
"85","4"
"86","4"
"87","4"
"88","4"
"89","4"
"90","4"
"91","4"
"92","4"
"93","4"
"94","4"
"95","4"
"96","4"
"97","4"
"98","5"
"99","5"
"100","5"
"101","5"
"102","5"
"103","5"
"104","5"
"105","5"
"106","5"
"107","6"
"108","6"
"109","6"
"110","6"
"111","6"
"112","6"
"113","6"
"114","6"
"115","6"
"116","6"
"117","6"
"118","6"
"119","6"
"120","6"
"121","6"
"122","6"
"123","6"
"124","6"
"125","6"
"126","7"
"127","7"
"128","7"
"129","7"
"130","7"
"131","7"
"132","7"
"133","7"
"134","7"
"135","7"
"136","7"
"137","7"
"138","7"
"139","7"
"140","7"
"141","7"
"142","7"
"143","7"
"144","7"
"145","7"
"146","7"
"147","7"
"148","7"
"149","7"
"150","7"
"151","7"
"152","7"
"153","7"
"154","7"
"155","7"
"156","7"
"157","7"
"158","7"
"159","7"
"160","7"
"161","7"
"162","7"
"163","7"
"164","7"
"165","7"
"166","7"
"167","7"
"168","7"
"169","7"
"170","7"
"171","7"
"172","7"
"173","7"
"174","7"
"175","7"
"176","7"
"177","7"
"178","7"
"179","7"
"180","7"
"181","7"
"182","7"
"183","7"
"184","7"
"185","7"
"186","7"
"187","7"
"188","7"
"189","7"
"190","7"
"191","7"
"192","7"
"193","8"
"194","8"
"195","8"
"196","8"
"197","8"
"198","8"
"199","8"
"200","8"
"201","8"
"202","8"
"203","8"
"204","8"
"205","8"
"206","8"
"207","8"
"208","8"
"209","8"
"210","8"
"211","8"
"212","8"
"213","8"
"214","8"
"215","8"
"216","8"
"217","8"
"218","8"
"219","8"
"220","9"
"221","9"
"222","9"
"223","9"
"224","9"
"225","9"
"226","9"
"227","9"
"228","9"
"229","10"
"230","10"
"231","10"
"232","10"
"233","10"
"234","10"
"235","10"
"236","10"
"237","10"
"238","10"
"239","10"
"240","10"
"241","10"
"242","10"
"243","10"
"244","10"
"245","10"
"246","10"
"247","10"
"248","10"
"249","10"
"250","10"
"251","10"
"252","11"
"253","11"
"254","11"
"255","11"
"256","11"
"257","11"
"258","11"
"259","11"
"260","11"
"261","11"
"262","11"
"263","11"
"264","11"
"265","11"
"266","11"
"267","11"
"268","11"
"269","11"
"270","11"
"271","11"
"272","11"
"273","11"
"274","11"
"275","11"
"276","11"
"277","11"
"278","11"
"279","11"
"280","11"
"281","11"
"282","11"
"283","11"
"284","11"
"285","11"
"286","11"
"287","11"
"288","11"
"289","11"
"290","11"
"291","11"
"292","11"
"293","11"
"294","11"
"295","11"
"296","12"
"297","12"
"298","12"
"299","12"
"300","12"
"301","12"
"302","12"
"303","12"
"304","12"
"305","12"
"306","12"
"307","12"
"308","12"
"309","12"
"310","13"
"311","13"
"312","13"
"313","13"
"314","13"
"315","13"
"316","13"
"317","13"
"318","13"
"319","13"
"320","13"
"321","13"
"322","13"
"323","13"
"324","13"
"325","13"
"326","13"
"327","13"
"328","13"
"329","13"
"330","13"
"331","13"
"332","13"
"333","13"
"334","13"
"335","13"
"336","13"
"337","13"
"338","13"
"339","14"
"340","14"
"341","14"
"342","14"
"343","14"
"344","14"
"345","14"
"346","14"
"347","14"
"348","14"
"349","14"
"350","14"
"351","14"
"352","14"
"353","14"
"354","14"
"355","14"
"356","14"
"357","14"
"358","14"
"359","14"
"360","14"
"361","14"
"362","14"
"363","15"
"364","15"
"365","15"
"366","15"
"367","15"
"368","15"
"369","15"
"370","15"
"371","15"
"372","15"
"373","15"
"374","15"
"375","15"
"376","15"
"377","15"
"378","15"
"379","15"
"380","15"
"381","15"
"382","15"
"383","15"
"384","15"
"385","15"
"386","15"
"387","15"
"388","15"
"389","15"
"390","15"
"391","15"
"392","15"
"393","15"
"394","15"
"395","15"
"396","15"
"397","15"
"398","15"
"399","15"
"400","15"
"401","16"
"402","16"
"403","16"
"404","16"
"405","16"
"406","16"
"407","16"
"408","16"
"409","16"
"410","16"
"411","16"
"412","16"
"413","16"
"414","16"
"415","16"
"416","16"
"417","16"
"418","16"
"419","16"
"420","16"
"421","16"
"422","16"
"423","16"
"424","16"
"425","17"
"426","17"
"427","17"
"428","17"
"429","17"
"430","17"
"431","17"
"432","17"
"433","17"
"434","17"
"435","17"
"436","17"
"437","17"
"438","17"
"439","17"
"440","17"
"441","17"
"442","17"
"443","17"
"444","17"
"445","17"
"446","17"
"447","18"
"448","18"
"449","18"
"450","18"
"451","18"
"452","18"
"453","18"
"454","18"
"455","18"
"456","18"
"457","18"
"458","18"
"459","18"
"460","18"
"461","18"
"462","18"
"463","18"
"464","18"
"465","18"
"466","18"
"467","18"
"468","18"
"469","18"
"470","18"
"471","18"
"472","19"
"473","19"
"474","19"
"475","19"
"476","19"
"477","19"
"478","19"
"479","19"
"480","19"
"481","19"
"482","19"
"483","19"
"484","19"
"485","19"
"486","19"
"487","19"
"488","19"
"489","19"
"490","19"
"491","19"
"492","19"
"493","19"
"494","19"
"495","19"
"496","19"
"497","19"
"498","19"
"499","19"
"500","19"
"501","19"
